<?xml version="1.0" encoding="UTF-8"?>
<!DOCTYPE mapper PUBLIC "-//mybatis.org//DTD Mapper 3.0//EN" "http://mybatis.org/dtd/mybatis-3-mapper.dtd">
<mapper namespace="com.foundao.nft.api.mapper.AdvanceBuyMapper">
  <resultMap id="BaseResultMap" type="com.foundao.nft.common.model.AdvanceBuy">
    <!--@mbg.generated-->
    <!--@Table nft_advance_buy-->
    <id column="id" jdbcType="INTEGER" property="id" />
    <result column="series_id" jdbcType="VARCHAR" property="seriesId" />
    <result column="user_id" jdbcType="INTEGER" property="userId" />
    <result column="create_time" jdbcType="TIMESTAMP" property="createTime" />
    <result column="begin_time" jdbcType="TIMESTAMP" property="beginTime" />
    <result column="series_name" jdbcType="VARCHAR" property="seriesName" />
  </resultMap>
  <sql id="Base_Column_List">
    <!--@mbg.generated-->
    id, series_id, user_id, create_time, begin_time, series_name
  </sql>

</mapper>