<?xml version="1.0" encoding="UTF-8"?>
<!DOCTYPE mapper PUBLIC "-//mybatis.org//DTD Mapper 3.0//EN" "http://mybatis.org/dtd/mybatis-3-mapper.dtd">
<mapper namespace="com.foundao.nft.api.mapper.AppVersionMapper">
  <resultMap id="BaseResultMap" type="com.foundao.nft.common.model.AppVersion">
    <!--@mbg.generated-->
    <!--@Table nft_app_version-->
    <id column="id" jdbcType="INTEGER" property="id" />
    <result column="device_type" jdbcType="INTEGER" property="deviceType" />
    <result column="down_url" jdbcType="VARCHAR" property="downUrl" />
    <result column="begin_time" jdbcType="TIMESTAMP" property="beginTime" />
    <result column="force" jdbcType="INTEGER" property="force" />
    <result column="version" jdbcType="VARCHAR" property="version" />
  </resultMap>
  <sql id="Base_Column_List">
    <!--@mbg.generated-->
    id, device_type, down_url, begin_time, `force`, version
  </sql>
</mapper>