<?xml version="1.0" encoding="UTF-8"?>
<!DOCTYPE mapper PUBLIC "-//mybatis.org//DTD Mapper 3.0//EN" "http://mybatis.org/dtd/mybatis-3-mapper.dtd">
<mapper namespace="com.foundao.nft.api.mapper.AwardRecordMapper">
  <resultMap id="BaseResultMap" type="com.foundao.nft.common.model.AwardRecord">
    <!--@mbg.generated-->
    <!--@Table nft_award_record-->
    <id column="id" jdbcType="INTEGER" property="id" />
    <result column="user_id" jdbcType="INTEGER" property="userId" />
    <result column="activity_id" jdbcType="INTEGER" property="activityId" />
    <result column="level" jdbcType="INTEGER" property="level" />
    <result column="is_gold_award" jdbcType="INTEGER" property="isGoldAward" />
    <result column="award_id" jdbcType="INTEGER" property="awardId" />
    <result column="create_time" jdbcType="TIMESTAMP" property="createTime" />
  </resultMap>
  <sql id="Base_Column_List">
    <!--@mbg.generated-->
    id, user_id, activity_id, `level`, is_gold_award, award_id, create_time
  </sql>
</mapper>