<?xml version="1.0" encoding="UTF-8"?>
<!DOCTYPE mapper PUBLIC "-//mybatis.org//DTD Mapper 3.0//EN" "http://mybatis.org/dtd/mybatis-3-mapper.dtd">
<mapper namespace="com.foundao.nft.api.mapper.AwardInfoMapper">
  <resultMap id="BaseResultMap" type="com.foundao.nft.common.model.AwardInfo">
    <!--@mbg.generated-->
    <!--@Table nft_award_info-->
    <id column="award_id" jdbcType="INTEGER" property="awardId" />
    <result column="name" jdbcType="VARCHAR" property="name" />
    <result column="level" jdbcType="INTEGER" property="level" />
    <result column="total_count" jdbcType="INTEGER" property="totalCount" />
    <result column="rest_count" jdbcType="INTEGER" property="restCount" />
    <result column="activity_id" jdbcType="INTEGER" property="activityId" />
    <result column="is_gold_award" jdbcType="INTEGER" property="isGoldAward" />
  </resultMap>
  <sql id="Base_Column_List">
    <!--@mbg.generated-->
    award_id, `name`, `level`, total_count, rest_count, activity_id, is_gold_award
  </sql>
</mapper>