<?xml version="1.0" encoding="UTF-8"?>
<!DOCTYPE mapper PUBLIC "-//mybatis.org//DTD Mapper 3.0//EN" "http://mybatis.org/dtd/mybatis-3-mapper.dtd">
<mapper namespace="com.foundao.nft.api.mapper.BlindboxRecordMapper">
  <resultMap id="BaseResultMap" type="com.foundao.nft.common.model.BlindboxRecord">
    <!--@mbg.generated-->
    <!--@Table nft_blindbox_record-->
    <id column="box_id" jdbcType="INTEGER" property="boxId" />
    <result column="user_id" jdbcType="INTEGER" property="userId" />
    <result column="actual_nft_id" jdbcType="VARCHAR" property="actualNftId" />
    <result column="short_series_id" jdbcType="INTEGER" property="shortSeriesId" />
    <result column="status" jdbcType="INTEGER" property="status" />
    <result column="create_time" jdbcType="TIMESTAMP" property="createTime" />
    <result column="update_time" jdbcType="TIMESTAMP" property="updateTime" />
  </resultMap>
  <sql id="Base_Column_List">
    <!--@mbg.generated-->
    box_id, user_id, actual_nft_id, short_series_id, `status`, create_time, update_time
  </sql>

  <select id="listBlindBox" resultType="com.foundao.nft.common.model.vo.BlindBoxVO">
        select r.*,s.series_name,s.cover_url,n.brand_name,n.brand_icon,i.issuer_icon,i.issuer_name from nft_blindbox_record r
            left join nft_series_claim s on s.id = r.short_series_id
            left join nft_brand n on n.id=s.brand_id
            left join nft_issuer i on i.id=s.issuer_id
        <where>
          <if test="userId != null">
            and user_id=#{userId}
          </if>
            and status=0
        </where>
    </select>

  <select id="listBlindGroupBySeriesId" resultType="com.foundao.nft.api.vo.BlindBoxGroupVO">
      select short_series_id,count(box_id) count from nft_blindbox_record br where user_id=#{userId}
      and status=0
      group by short_series_id
    </select>

  <select id="selectBySeriesId" resultType="com.foundao.nft.common.model.vo.BlindBoxVO">
      select r.*,s.series_name,s.cover_url,s.open_special_effects,n.brand_name,n.brand_icon,i.issuer_icon,i.issuer_name from nft_blindbox_record r
      left join nft_series_claim s on s.id = r.short_series_id
      left join nft_brand n on n.id=s.brand_id
      left join nft_issuer i on i.id=s.issuer_id
      where user_id=#{userId} and short_series_id=#{seriesId}
      and r.status=0
    </select>
</mapper>
