<?xml version="1.0" encoding="UTF-8"?>
<!DOCTYPE mapper PUBLIC "-//mybatis.org//DTD Mapper 3.0//EN" "http://mybatis.org/dtd/mybatis-3-mapper.dtd">
<mapper namespace="com.foundao.nft.api.mapper.BrandMapper">
  <resultMap id="BaseResultMap" type="com.foundao.nft.common.model.Brand">
    <!--@mbg.generated-->
    <!--@Table nft_brand-->
    <id column="id" jdbcType="INTEGER" property="id" />
    <result column="brand_name" jdbcType="VARCHAR" property="brandName" />
    <result column="brand_icon" jdbcType="VARCHAR" property="brandIcon" />
    <result column="desc" jdbcType="VARCHAR" property="desc" />
  </resultMap>
  <sql id="Base_Column_List">
    <!--@mbg.generated-->
    id, brand_name, brand_icon, `desc`
  </sql>
</mapper>