<?xml version="1.0" encoding="UTF-8"?>
<!DOCTYPE mapper PUBLIC "-//mybatis.org//DTD Mapper 3.0//EN" "http://mybatis.org/dtd/mybatis-3-mapper.dtd">
<mapper namespace="com.foundao.nft.api.mapper.ExchangeCodeMapper">
  <resultMap id="BaseResultMap" type="com.foundao.nft.common.model.ExchangeCode">
    <!--@mbg.generated-->
    <!--@Table nft_exchange_code-->
    <id column="code_id" jdbcType="INTEGER" property="codeId" />
    <result column="short_series_id" jdbcType="INTEGER" property="shortSeriesId" />
    <result column="meta_id" jdbcType="INTEGER" property="metaId" />
    <result column="code" jdbcType="VARCHAR" property="code" />
    <result column="create_time" jdbcType="TIMESTAMP" property="createTime" />
    <result column="update_time" jdbcType="TIMESTAMP" property="updateTime" />
    <result column="status" jdbcType="INTEGER" property="status" />
    <result column="used_user_id" jdbcType="INTEGER" property="usedUserId" />
  </resultMap>
  <sql id="Base_Column_List">
    <!--@mbg.generated-->
    code_id, short_series_id, meta_id, code, create_time, update_time, `status`, used_user_id
  </sql>
</mapper>