<?xml version="1.0" encoding="UTF-8"?>
<!DOCTYPE mapper PUBLIC "-//mybatis.org//DTD Mapper 3.0//EN" "http://mybatis.org/dtd/mybatis-3-mapper.dtd">
<mapper namespace="com.foundao.nft.api.mapper.IntegralMapper">
  <resultMap id="BaseResultMap" type="com.foundao.nft.common.model.Integral">
    <!--@mbg.generated-->
    <!--@Table nft_integral-->
    <id column="user_id" jdbcType="INTEGER" property="userId" />
    <result column="usable_integral" jdbcType="INTEGER" property="usableIntegral" />
    <result column="frozen_integral" jdbcType="INTEGER" property="frozenIntegral" />
    <result column="create_time" jdbcType="TIMESTAMP" property="createTime" />
    <result column="update_time" jdbcType="TIMESTAMP" property="updateTime" />
  </resultMap>
  <sql id="Base_Column_List">
    <!--@mbg.generated-->
    user_id, usable_integral, frozen_integral, create_time, update_time
  </sql>
</mapper>