<?xml version="1.0" encoding="UTF-8"?>
<!DOCTYPE mapper PUBLIC "-//mybatis.org//DTD Mapper 3.0//EN" "http://mybatis.org/dtd/mybatis-3-mapper.dtd">
<mapper namespace="com.foundao.nft.api.mapper.InviteMapper">
  <resultMap id="BaseResultMap" type="com.foundao.nft.common.model.Invite">
    <!--@mbg.generated-->
    <!--@Table nft_invite-->
    <id column="user_id" jdbcType="INTEGER" property="userId" />
    <result column="mobile" jdbcType="VARCHAR" property="mobile" />
    <result column="nick_name" jdbcType="VARCHAR" property="nickName" />
    <result column="invite_user_id" jdbcType="INTEGER" property="inviteUserId" />
    <result column="invite_mobile" jdbcType="VARCHAR" property="inviteMobile" />
    <result column="invite_nick_name" jdbcType="VARCHAR" property="inviteNickName" />
    <result column="reg_time" jdbcType="TIMESTAMP" property="regTime" />
    <result column="auth" jdbcType="INTEGER" property="auth" />
    <result column="auth_time" jdbcType="TIMESTAMP" property="authTime" />
  </resultMap>
  <sql id="Base_Column_List">
    <!--@mbg.generated-->
    user_id, mobile, nick_name, invite_user_id, invite_mobile, invite_nick_name, reg_time, 
    auth, auth_time
  </sql>
</mapper>