<?xml version="1.0" encoding="UTF-8"?>
<!DOCTYPE mapper PUBLIC "-//mybatis.org//DTD Mapper 3.0//EN" "http://mybatis.org/dtd/mybatis-3-mapper.dtd">
<mapper namespace="com.foundao.nft.api.mapper.IssuerMapper">
  <resultMap id="BaseResultMap" type="com.foundao.nft.common.model.Issuer">
    <!--@mbg.generated-->
    <!--@Table nft_issuer-->
    <id column="issuer_id" jdbcType="INTEGER" property="issuerId" />
    <result column="name" jdbcType="VARCHAR" property="name" />
    <result column="picture" jdbcType="VARCHAR" property="picture" />
    <result column="redirect_uri" jdbcType="VARCHAR" property="redirectUri" />
    <result column="show_status" jdbcType="INTEGER" property="showStatus" />
    <result column="create_time" jdbcType="TIMESTAMP" property="createTime" />
  </resultMap>
  <sql id="Base_Column_List">
    <!--@mbg.generated-->
    issuer_id, `name`, picture, redirect_uri, show_status, create_time
  </sql>
</mapper>