<?xml version="1.0" encoding="UTF-8"?>
<!DOCTYPE mapper PUBLIC "-//mybatis.org//DTD Mapper 3.0//EN" "http://mybatis.org/dtd/mybatis-3-mapper.dtd">
<mapper namespace="com.foundao.nft.api.mapper.MergeMapper">
  <resultMap id="BaseResultMap" type="com.foundao.nft.common.model.Merge">
    <!--@mbg.generated-->
    <!--@Table nft_merge-->
    <id column="merge_id" jdbcType="INTEGER" property="mergeId" />
    <result column="meta_id" jdbcType="INTEGER" property="metaId" />
    <result column="user_id" jdbcType="INTEGER" property="userId" />
    <result column="recipe_id" jdbcType="INTEGER" property="recipeId" />
    <result column="collection_id" jdbcType="INTEGER" property="collectionId" />
    <result column="status" jdbcType="INTEGER" property="status" />
    <result column="create_time" jdbcType="TIMESTAMP" property="createTime" />
    <result column="update_time" jdbcType="TIMESTAMP" property="updateTime" />
  </resultMap>
  <sql id="Base_Column_List">
    <!--@mbg.generated-->
    merge_id, meta_id, user_id, recipe_id, collection_id, `status`, create_time, update_time
  </sql>
</mapper>