<?xml version="1.0" encoding="UTF-8"?>
<!DOCTYPE mapper PUBLIC "-//mybatis.org//DTD Mapper 3.0//EN" "http://mybatis.org/dtd/mybatis-3-mapper.dtd">
<mapper namespace="com.foundao.nft.api.mapper.NftMetadataMapper">

  <sql id="nftDetailField">
    metadata.meta_id,metadata.meta_type,metadata.nft_id,metadata.`desc`,metadata.has_display_url,metadata.publish_count,
           metadata.display_url,metadata.url,metadata.`name`,metadata.`hash`,metadata.image_desc,metadata.meta_data,metadata.series_id,metadata.rest_count,metadata.show_count,metadata.sell_count,metadata.sell_fee,metadata.create_time,metadata.apple_name,metadata.type
  </sql>
  <select id="countRestCount" resultType="int">
    select sum(rest_count) from nft_metadata where series_id = #{seriesId} and task_status = 7
  </select>

  <select id="countShowRestCount" resultType="int">
    select sum(show_count) from nft_metadata where series_id = #{seriesId} and task_status = 7 and show_status=1
  </select>

  <select id="listNftInfo" resultType="com.foundao.nft.api.vo.NftInfoVO">
    select <include refid="nftDetailField"></include>
    from nft_metadata metadata
    where metadata.series_id = #{seriesId} and task_status = 7 and show_status = 1
    order by create_time
    <if test="isBlindBox == true ">
      limit 10
    </if>
  </select>

  <select id="firstNftInfo" resultType="com.foundao.nft.api.vo.NftInfoVO">
    select <include refid="nftDetailField"></include>
    from nft_metadata metadata
    where metadata.series_id = #{seriesId}  and task_status = 7 limit 1
  </select>


  <select id="nftInfo" resultType="com.foundao.nft.api.vo.NftInfoVO">
    select <include refid="nftDetailField"></include>,brand.brand_icon,brand.brand_name,i.issuer_icon,i.issuer_name,series.begin_time,series.end_time,series.charge,series.series_name,series.series_id,series.category_id,series.advance_buy,series.can_integral_buy,series.buy_count,series.has_goods,series.ios_pay_type,series.id shortSeriesId
    from nft_metadata metadata left join nft_series_claim series on series.series_id=metadata.series_id left join nft_brand brand on brand.id=series.brand_id
    left join nft_issuer i on i.id=series.issuer_id
    where metadata.nft_id = #{nftId}
  </select>

  <select id="pageNftInfoBySeriesId" resultType="com.foundao.nft.api.vo.NftInfoVO">
    select <include refid="nftDetailField"></include>
    from nft_metadata metadata
    where metadata.series_id = #{seriesId} and task_status = 7 and show_status = 1
    order by create_time asc
  </select>
</mapper>
