<?xml version="1.0" encoding="UTF-8"?>
<!DOCTYPE mapper PUBLIC "-//mybatis.org//DTD Mapper 3.0//EN" "http://mybatis.org/dtd/mybatis-3-mapper.dtd">
<mapper namespace="com.foundao.nft.api.mapper.NftOrderMapper">

    <select id="orderList" resultType="com.foundao.nft.common.model.vo.NftOrderVo">
      select  norder.trade_no,norder.fee,norder.create_time,norder.pay_time,norder.`status`,norder.apple_goods_id
        ,norder.product_id,norder.product_id2,norder.third_transaction_id,norder.expire_time,norder.integral
        ,norder.pay_type,norder.tx_hash,norder.order_fee,norder.addr_id,nft.nft_id,nft.url,nft.`name`
        ,nft.display_url,nft.type,s.series_name,s.ios_pay_type,norder.short_series_id,norder.order_type
      from nft_order as norder left join nft_metadata as nft on norder.product_id = nft.meta_id
        left join nft_series_claim s on s.id=norder.short_series_id
      <where>
        user_id = #{request.multiValueSearch.userId} AND pay_type != 'FREEACCESS'
        <if test="request.multiValueSearch.orderStatus != null">
            AND `status` = #{request.multiValueSearch.orderStatus}
        </if>
      </where>

    </select>

    <select id="waiPayOrder" resultType="com.foundao.nft.common.model.vo.NftOrderVo">
        select  norder.trade_no,norder.fee,norder.create_time,norder.pay_time,norder.`status`,norder.apple_goods_id
             ,norder.product_id,norder.product_id2,norder.third_transaction_id,norder.expire_time,norder.integral
             ,norder.pay_type,norder.tx_hash,norder.order_fee,norder.addr_id,s.cover_url displayUrl,s.series_name name
             ,s.cover_url url,s.series_name,s.ios_pay_type,norder.short_series_id,norder.order_type
        from nft_order as norder left join nft_series_claim s on s.id=norder.short_series_id
        where norder.short_series_id=#{shortSeriesId} and norder.user_id=#{userId} and norder.status=1 order by norder.create_time desc limit 1
    </select>
</mapper>
