<?xml version="1.0" encoding="UTF-8"?>
<!DOCTYPE mapper PUBLIC "-//mybatis.org//DTD Mapper 3.0//EN" "http://mybatis.org/dtd/mybatis-3-mapper.dtd">
<mapper namespace="com.foundao.nft.api.mapper.NftRecordMapper">
    <resultMap id="BaseResultMap" type="com.foundao.nft.common.model.NftRecord">
        <!--@mbg.generated-->
        <!--@Table nft_record-->
        <id column="nft_id" jdbcType="VARCHAR" property="nftId"/>
        <result column="owner_addr" jdbcType="VARCHAR" property="ownerAddr"/>
        <result column="owner_time" jdbcType="TIMESTAMP" property="ownerTime"/>
        <result column="meta_id" jdbcType="INTEGER" property="metaId"/>
        <result column="obtain_type" jdbcType="INTEGER" property="obtainType"/>
        <result column="giver_user_id" jdbcType="INTEGER" property="giverUserId"/>
        <result column="user_id" jdbcType="INTEGER" property="userId"/>
    </resultMap>
    <sql id="Base_Column_List">
        <!--@mbg.generated-->
        nft_id, owner_addr, owner_time, meta_id, sell_count, sell_status, obtain_type, giver_user_id,
        user_id
    </sql>

    <select id="listMyNft" resultType="com.foundao.nft.api.vo.MyNftVO">
        select record.*,
               metadata.author,
               metadata.`desc`,
               metadata.display_url,
               metadata.url,
               metadata.flag,
               metadata.name,
               metadata.hash,
               metadata.image_desc,
               metadata.type,
               sc.total_count,
               sc.meta_type seriesMetaType,
               metadata.publish_count
        from nft_record record
                     left join nft_metadata metadata on metadata.meta_id = record.meta_id
                     left join nft_series_claim sc on sc.series_id = metadata.series_id
        where record.user_id = #{request.multiValueSearch.userId}
    </select>

    <select id="nftInfo" resultType="com.foundao.nft.api.vo.NftInfoVO">
        select record.owner_time,
               record.obtain_type,
               record.giver_user_name,
               record.owner_addr,
               metadata.meta_type,
               metadata.nft_id,
               metadata.`desc`,
               metadata.display_url,
               metadata.url,
               metadata.`name`,
               metadata.`hash`,
               metadata.meta_data,
               metadata.series_id
        from nft_metadata metadata
                     left join nft_record record on metadata.meta_id = record.meta_id and record.user_id = #{userId}
        where metadata.nft_id = #{nftId}
    </select>

    <select id="getRecordVOByNftIdAndUserId" resultType="com.foundao.nft.common.model.vo.NftRecordVO">
        select record.*, user.user_name ownerName
        from nft_record record
                     left join nft_user user on user.user_id = record.user_id
                     left join nft_metadata nm on nm.meta_id = record.meta_id
        where record.user_id = #{userId}
          and nm.nft_id = #{nftId}
          <if test="actualNftId != null and actualNftId != ''">
              and actual_nft_id=#{actualNftId}
          </if>
        limit 1
    </select>

    <select id="isPaySeriesId" resultType="com.foundao.nft.common.model.vo.NftRecordVO">
        SELECT r.*, u.user_name ownerName
        FROM nft_record r,
             nft_user u,
             (SELECT * FROM nft_metadata WHERE series_id = #{seriesId}) m
        WHERE m.meta_id = r.meta_id
          and u.user_id = r.user_id
          AND r.user_id = #{userId}
        limit 1;
    </select>

    <select id="nftDetails" resultType="com.foundao.nft.api.vo.NftInfoVO">
        select r.*,s.meta_type seriesMetaType,s.series_name,s.transfer_time,s.id shortSeriesId,s.show_count_info,s.show_publish_count,m.type,m.`name`,m.url,m.display_url,m.image_desc,m.meta_data,m.publish_count,m.ori_url,i.issuer_icon,i.issuer_name,b.brand_icon,b.brand_name from nft_record r
        left join nft_metadata m on m.meta_id=r.meta_id
        left join nft_series_claim s on s.series_id=m.series_id
        left join nft_brand b on b.id=s.brand_id
        left join nft_issuer i on i.id=s.issuer_id
        where r.meta_id=#{metaId} and r.actual_nft_id=#{actualNftId} and r.user_id=#{userId}
    </select>

    <select id="shareDetails" resultType="com.foundao.nft.api.vo.NftInfoVO">
        select r.*,u.nick_name ownerName,u.avatar,s.meta_type seriesMetaType,s.series_name,s.transfer_time,s.id shortSeriesId,s.show_count_info,s.show_publish_count,m.type,m.`name`,m.url,m.display_url,m.image_desc,m.meta_data,m.publish_count,m.ori_url,i.issuer_icon,i.issuer_name,b.brand_icon,b.brand_name from nft_record r
        left join nft_metadata m on m.meta_id=r.meta_id
        left join nft_series_claim s on s.series_id=m.series_id
        left join nft_brand b on b.id=s.brand_id
        left join nft_issuer i on i.id=s.issuer_id
        left join nft_user u on u.user_id=r.user_id
        where r.meta_id=#{metaId} and r.actual_nft_id=#{actualNftId} and r.user_id=#{userId}
    </select>

    <select id="listMyNftGroupByMetaId" resultType="com.foundao.nft.api.vo.MyNftGroupByMetaIdVO">
        select * from (select meta_id, count( id ) count,meta_type,max(id) maxId from nft_record where user_id=#{userId} GROUP BY meta_id,meta_type) t ORDER BY maxId desc
    </select>

    <select id="selectByMetaId" resultType="com.foundao.nft.api.vo.MyNftVO">
        select record.*,
               metadata.author,
               metadata.`desc`,
               metadata.display_url,
               metadata.url,
               metadata.flag,
               metadata.name,
               metadata.hash,
               metadata.image_desc,
               metadata.type,
               metadata.create_time,
               metadata.meta_id,
               sc.total_count,
               sc.meta_type seriesMetaType,
               sc.transfer_time,
               metadata.publish_count
        from nft_record record
                     left join nft_metadata metadata on metadata.meta_id = record.meta_id
                     left join nft_series_claim sc on sc.series_id = metadata.series_id
        where record.user_id = #{userId} and record.meta_id=#{metaId} order by record.update_time desc
    </select>

    <insert id="deleteBak">
        insert into nft_record_bak select * from nft_record where id=#{recordId}
    </insert>

    <select id="getRecordVOByActualNftIdAndUserId" resultType="com.foundao.nft.common.model.vo.NftRecordVO">
        select record.*, user.user_name ownerName
        from nft_record record
        left join nft_user user on user.user_id = record.user_id
        left join nft_metadata nm on nm.meta_id = record.meta_id
        where record.user_id = #{userId}
        <if test="actualNftId != null and actualNftId != ''">
            and actual_nft_id=#{actualNftId}
        </if>
        limit 1
    </select>

</mapper>
