<?xml version="1.0" encoding="UTF-8"?>
<!DOCTYPE mapper PUBLIC "-//mybatis.org//DTD Mapper 3.0//EN" "http://mybatis.org/dtd/mybatis-3-mapper.dtd">
<mapper namespace="com.foundao.nft.api.mapper.NftSeriesClaimMapper">

  <select id="pageSeries" resultType="com.foundao.nft.api.vo.ProductListVo">
    select series.*,nb.brand_name,nb.brand_icon,i.issuer_name,i.issuer_icon from nft_series_claim series left join nft_brand nb on nb.id=series.brand_id
    left join nft_issuer i on i.id=series.issuer_id
    <where>
      task_status = 7
      <if test="isWhiteUser != null and isWhiteUser==true">
        AND (show_status = 1 or show_status=2)
      </if>
      <if test="isWhiteUser != null and isWhiteUser==false ">
        AND show_status = 1
      </if>
    </where>
  </select>
</mapper>
