<?xml version="1.0" encoding="UTF-8"?>
<!DOCTYPE mapper PUBLIC "-//mybatis.org//DTD Mapper 3.0//EN" "http://mybatis.org/dtd/mybatis-3-mapper.dtd">
<mapper namespace="com.foundao.nft.api.mapper.NftUserMapper">
  <resultMap id="BaseResultMap" type="com.foundao.nft.common.model.NftUser">
    <!--@mbg.generated-->
    <!--@Table nft_user-->
    <id column="user_id" jdbcType="INTEGER" property="userId" />
    <result column="user_name" jdbcType="VARCHAR" property="userName" />
    <result column="nick_name" jdbcType="VARCHAR" property="nickName" />
    <result column="password" jdbcType="VARCHAR" property="password" />
    <result column="avatar" jdbcType="VARCHAR" property="avatar" />
    <result column="mobile" jdbcType="VARCHAR" property="mobile" />
    <result column="status" jdbcType="INTEGER" property="status" />
    <result column="create_time" jdbcType="TIMESTAMP" property="createTime" />
    <result column="update_time" jdbcType="TIMESTAMP" property="updateTime" />
    <result column="internal_emp" jdbcType="INTEGER" property="internalEmp" />
  </resultMap>
  <sql id="Base_Column_List">
    <!--@mbg.generated-->
    user_id, user_name, nick_name, `password`, avatar, mobile, `status`, create_time, 
    update_time, internal_emp
  </sql>

  <select id="findUserByMobile" resultType="com.foundao.nft.common.model.NftUser">
    select * from nft_user where mobile=#{mobile}
  </select>

  <select id="findUserBySocial" resultType="com.foundao.nft.common.model.NftUser">
    select * from nft_user user join nft_user_connection c on user.user_id=c.user_id where c.social_type=#{source}
    and c.social_user_id=#{uuid}
  </select>

  <select id="findUserByUserName" resultType="com.foundao.nft.common.model.NftUser">
    select * from nft_user where user_name=#{username}
  </select>

  <select id="findUserByInviteUserId" resultType="com.foundao.nft.common.model.NftUser">
    select u.nick_name,u.mobile,u.avatar,u.invite_user_id from nft_user u
    where u.user_id=#{inviteUserId}
    </select>
</mapper>