<?xml version="1.0" encoding="UTF-8"?>
<!DOCTYPE mapper PUBLIC "-//mybatis.org//DTD Mapper 3.0//EN" "http://mybatis.org/dtd/mybatis-3-mapper.dtd">
<mapper namespace="com.foundao.nft.api.mapper.NftUserPlatformMapper">
  <resultMap id="BaseResultMap" type="com.foundao.nft.common.model.NftUserPlatform">
    <!--@mbg.generated-->
    <!--@Table nft_user_platform-->
    <id column="user_id" jdbcType="INTEGER" property="userId" />
    <result column="user_identification" jdbcType="VARCHAR" property="userIdentification" />
    <result column="addr" jdbcType="VARCHAR" property="addr" />
    <result column="pubKey" jdbcType="VARCHAR" property="pubkey" />
    <result column="priKey" jdbcType="VARCHAR" property="prikey" />
  </resultMap>
  <sql id="Base_Column_List">
    <!--@mbg.generated-->
    user_id, user_identification, addr, pubKey, priKey
  </sql>

  <select id="getByMobile" resultType="com.foundao.nft.common.model.NftUserPlatform">
    select up.*
    from nft_user_platform up
           LEFT JOIN nft_user u on u.user_id = up.user_id
    where u.mobile = #{mobile}
    </select>
</mapper>
