<?xml version="1.0" encoding="UTF-8"?>
<!DOCTYPE mapper PUBLIC "-//mybatis.org//DTD Mapper 3.0//EN" "http://mybatis.org/dtd/mybatis-3-mapper.dtd">
<mapper namespace="com.foundao.nft.api.mapper.OrderNotifyMapper">
  <resultMap id="BaseResultMap" type="com.foundao.nft.common.model.OrderNotify">
    <!--@mbg.generated-->
    <!--@Table order_notify-->
    <id column="notify_id" jdbcType="INTEGER" property="notifyId" />
    <result column="notify_type" jdbcType="TINYINT" property="notifyType" />
    <result column="notify_data" jdbcType="LONGVARCHAR" property="notifyData" />
    <result column="create_time" jdbcType="TIMESTAMP" property="createTime" />
  </resultMap>
  <sql id="Base_Column_List">
    <!--@mbg.generated-->
    notify_id, notify_type, notify_data, create_time
  </sql>
  <!--<select id="selectByPrimaryKey" parameterType="java.lang.Integer" resultMap="BaseResultMap">-->
  <!--  &lt;!&ndash;@mbg.generated&ndash;&gt;-->
  <!--  select -->
  <!--  <include refid="Base_Column_List" />-->
  <!--  from order_notify-->
  <!--  where notify_id = #{notifyId,jdbcType=INTEGER}-->
  <!--</select>-->
  <!--<delete id="deleteByPrimaryKey" parameterType="java.lang.Integer">-->
  <!--  &lt;!&ndash;@mbg.generated&ndash;&gt;-->
  <!--  delete from order_notify-->
  <!--  where notify_id = #{notifyId,jdbcType=INTEGER}-->
  <!--</delete>-->
  <!--<insert id="insert" parameterType="com.foundao.nft.common.model.OrderNotify">-->
  <!--  &lt;!&ndash;@mbg.generated&ndash;&gt;-->
  <!--  insert into order_notify (notify_id, notify_type, notify_data, -->
  <!--    create_time)-->
  <!--  values (#{notifyId,jdbcType=INTEGER}, #{notifyType,jdbcType=TINYINT}, #{notifyData,jdbcType=LONGVARCHAR}, -->
  <!--    #{createTime,jdbcType=TIMESTAMP})-->
  <!--</insert>-->
  <!--<insert id="insertSelective" parameterType="com.foundao.nft.common.model.OrderNotify">-->
  <!--  &lt;!&ndash;@mbg.generated&ndash;&gt;-->
  <!--  insert into order_notify-->
  <!--  <trim prefix="(" suffix=")" suffixOverrides=",">-->
  <!--    <if test="notifyId != null">-->
  <!--      notify_id,-->
  <!--    </if>-->
  <!--    <if test="notifyType != null">-->
  <!--      notify_type,-->
  <!--    </if>-->
  <!--    <if test="notifyData != null">-->
  <!--      notify_data,-->
  <!--    </if>-->
  <!--    <if test="createTime != null">-->
  <!--      create_time,-->
  <!--    </if>-->
  <!--  </trim>-->
  <!--  <trim prefix="values (" suffix=")" suffixOverrides=",">-->
  <!--    <if test="notifyId != null">-->
  <!--      #{notifyId,jdbcType=INTEGER},-->
  <!--    </if>-->
  <!--    <if test="notifyType != null">-->
  <!--      #{notifyType,jdbcType=TINYINT},-->
  <!--    </if>-->
  <!--    <if test="notifyData != null">-->
  <!--      #{notifyData,jdbcType=LONGVARCHAR},-->
  <!--    </if>-->
  <!--    <if test="createTime != null">-->
  <!--      #{createTime,jdbcType=TIMESTAMP},-->
  <!--    </if>-->
  <!--  </trim>-->
  <!--</insert>-->
  <!--<update id="updateByPrimaryKeySelective" parameterType="com.foundao.nft.common.model.OrderNotify">-->
  <!--  &lt;!&ndash;@mbg.generated&ndash;&gt;-->
  <!--  update order_notify-->
  <!--  <set>-->
  <!--    <if test="notifyType != null">-->
  <!--      notify_type = #{notifyType,jdbcType=TINYINT},-->
  <!--    </if>-->
  <!--    <if test="notifyData != null">-->
  <!--      notify_data = #{notifyData,jdbcType=LONGVARCHAR},-->
  <!--    </if>-->
  <!--    <if test="createTime != null">-->
  <!--      create_time = #{createTime,jdbcType=TIMESTAMP},-->
  <!--    </if>-->
  <!--  </set>-->
  <!--  where notify_id = #{notifyId,jdbcType=INTEGER}-->
  <!--</update>-->
  <!--<update id="updateByPrimaryKey" parameterType="com.foundao.nft.common.model.OrderNotify">-->
  <!--  &lt;!&ndash;@mbg.generated&ndash;&gt;-->
  <!--  update order_notify-->
  <!--  set notify_type = #{notifyType,jdbcType=TINYINT},-->
  <!--    notify_data = #{notifyData,jdbcType=LONGVARCHAR},-->
  <!--    create_time = #{createTime,jdbcType=TIMESTAMP}-->
  <!--  where notify_id = #{notifyId,jdbcType=INTEGER}-->
  <!--</update>-->
</mapper>