<?xml version="1.0" encoding="UTF-8"?>
<!DOCTYPE mapper PUBLIC "-//mybatis.org//DTD Mapper 3.0//EN" "http://mybatis.org/dtd/mybatis-3-mapper.dtd">
<mapper namespace="com.foundao.nft.api.mapper.RecipeCollectionMapper">
  <resultMap id="BaseResultMap" type="com.foundao.nft.common.model.RecipeCollection">
    <!--@mbg.generated-->
    <!--@Table nft_recipe_collection-->
    <id column="collection_id" jdbcType="INTEGER" property="collectionId" />
    <result column="collection_name" jdbcType="VARCHAR" property="collectionName" />
    <result column="begin_time" jdbcType="TIMESTAMP" property="beginTime" />
    <result column="end_time" jdbcType="TIMESTAMP" property="endTime" />
    <result column="status" jdbcType="INTEGER" property="status" />
    <result column="meta_id" jdbcType="INTEGER" property="metaId" />
    <result column="display_url" jdbcType="VARCHAR" property="displayUrl" />
    <result column="image_desc" jdbcType="VARCHAR" property="imageDesc" />
  </resultMap>
  <sql id="Base_Column_List">
    <!--@mbg.generated-->
    collection_id, collection_name, begin_time, end_time, `status`, display_url, image_desc
  </sql>

  <select id="collectionList" resultType="com.foundao.nft.common.model.vo.RecipeCollectionListVO">
    SELECT t.*,
           i.issuer_name,
           i.issuer_icon,
           b.brand_name,
           b.brand_icon
    FROM (
                 SELECT rc.*,
                        sc.brand_id,
                        sc.issuer_id,
                        sc.category_id,
                        sc.meta_type,
                        sc.series_name,
                        sc.id shortSeriesId
                 FROM nft_recipe_collection rc
                              LEFT JOIN nft_series_claim sc ON rc.short_series_id = sc.id
                 WHERE rc.STATUS = 1
                 ) t
                 LEFT JOIN nft_brand b ON b.id = t.brand_id
                 LEFT JOIN nft_issuer i ON i.id = t.issuer_id
    </select>

  <select id="collectionDetails" resultType="com.foundao.nft.common.model.vo.RecipeCollectionDetailsVO">
      SELECT t.*,
             i.issuer_name,
             i.issuer_icon,
             b.brand_name,
             b.brand_icon
      FROM (
                   SELECT rc.*,
                          m.display_url nftDisplayUrl,
                          m.NAME,
                          sc.brand_id,
                          sc.issuer_id,
                          sc.category_id,
                          sc.meta_type,
                          sc.series_name,
                          sc.id shortSeriesId
                   FROM nft_recipe_collection rc
                                LEFT JOIN nft_metadata m ON m.meta_id = rc.meta_id
                                LEFT JOIN nft_series_claim sc ON sc.id = rc.short_series_id
                   WHERE rc.collection_id = #{collectionId}
                   ) t
                   LEFT JOIN nft_brand b ON b.id = t.brand_id
                   LEFT JOIN nft_issuer i ON i.id = t.issuer_id
  </select>

  <select id="getBrandAndIssuerInfo" resultType="com.foundao.nft.common.model.vo.CollectionBrandAndIssuerInfoVO">
    SELECT i.issuer_name,i.issuer_icon,b.brand_name,b.brand_icon FROM `nft_recipe_collection` c left join nft_brand b on c.brand_id=b.id left join nft_issuer i on i.id=c.issuer_id where meta_id=#{metaId}
  </select>
</mapper>
