<?xml version="1.0" encoding="UTF-8"?>
<!DOCTYPE mapper PUBLIC "-//mybatis.org//DTD Mapper 3.0//EN" "http://mybatis.org/dtd/mybatis-3-mapper.dtd">
<mapper namespace="com.foundao.nft.api.mapper.RecipeMaterialMapper">
  <resultMap id="BaseResultMap" type="com.foundao.nft.common.model.RecipeMaterial">
    <!--@mbg.generated-->
    <!--@Table nft_recipe_material-->
    <id column="id" jdbcType="INTEGER" property="id" />
    <result column="recipe_id" jdbcType="INTEGER" property="recipeId" />
    <result column="series_id" jdbcType="INTEGER" property="seriesId" />
    <result column="series_name" jdbcType="VARCHAR" property="seriesName" />
    <result column="meta_id" jdbcType="INTEGER" property="metaId" />
    <result column="meta_name" jdbcType="VARCHAR" property="metaName" />
    <result column="count" jdbcType="INTEGER" property="count" />
  </resultMap>
  <sql id="Base_Column_List">
    <!--@mbg.generated-->
    id, recipe_id, series_id, series_name, meta_id, meta_name, `count`
  </sql>

  <select id="listMaterialVOByUser" resultType="com.foundao.nft.common.model.vo.RecipeMaterialVO">
    SELECT
            rm.*,
            m.display_url,
            ifnull(t.ownCount,0) ownCount
    FROM
            `nft_recipe_material` rm
                    LEFT JOIN nft_metadata m ON m.meta_id = rm.meta_id
                    LEFT JOIN (select meta_id,count(id) ownCount from nft_record where user_id=#{userId} and buy_status=7 GROUP BY meta_id) t on t.meta_id=rm.meta_id
    WHERE
            recipe_id = #{recipeId};
    </select>
</mapper>
