<?xml version="1.0" encoding="UTF-8"?>
<!DOCTYPE mapper PUBLIC "-//mybatis.org//DTD Mapper 3.0//EN" "http://mybatis.org/dtd/mybatis-3-mapper.dtd">
<mapper namespace="com.foundao.nft.api.mapper.SignRecordMapper">
  <resultMap id="BaseResultMap" type="com.foundao.nft.common.model.SignRecord">
    <!--@mbg.generated-->
    <!--@Table nft_sign_record-->
    <id column="id" jdbcType="INTEGER" property="id" />
    <result column="sign_date" jdbcType="VARCHAR" property="signDate" />
    <result column="user_id" jdbcType="INTEGER" property="userId" />
    <result column="continue_number" jdbcType="INTEGER" property="continueNumber" />
    <result column="create_time" jdbcType="TIMESTAMP" property="createTime" />
  </resultMap>
  <sql id="Base_Column_List">
    <!--@mbg.generated-->
    id, sign_date, user_id, continue_number, create_time
  </sql>
</mapper>