<?xml version="1.0" encoding="UTF-8"?>
<!DOCTYPE mapper PUBLIC "-//mybatis.org//DTD Mapper 3.0//EN" "http://mybatis.org/dtd/mybatis-3-mapper.dtd">
<mapper namespace="com.foundao.nft.api.mapper.TransferRecordMapper">
  <resultMap id="BaseResultMap" type="com.foundao.nft.common.model.TransferRecord">
    <!--@mbg.generated-->
    <!--@Table nft_transfer_record-->
    <id column="trans_id" jdbcType="INTEGER" property="transId" />
    <result column="actual_nft_id" jdbcType="VARCHAR" property="actualNftId" />
    <result column="give_user_id" jdbcType="INTEGER" property="giveUserId" />
    <result column="receive_user_id" jdbcType="INTEGER" property="receiveUserId" />
    <result column="status" jdbcType="INTEGER" property="status" />
    <result column="receive_mobile" jdbcType="VARCHAR" property="receiveMobile" />
    <result column="create_time" jdbcType="TIMESTAMP" property="createTime" />
    <result column="name" jdbcType="VARCHAR" property="name" />
    <result column="series_name" jdbcType="VARCHAR" property="seriesName" />
    <result column="update_time" jdbcType="TIMESTAMP" property="updateTime" />
    <result column="msg" jdbcType="VARCHAR" property="msg" />
    <result column="meta_id" jdbcType="INTEGER" property="metaId" />
    <result column="short_series_id" jdbcType="INTEGER" property="shortSeriesId" />
  </resultMap>
  <sql id="Base_Column_List">
    <!--@mbg.generated-->
    trans_id, actual_nft_id, give_user_id, receive_user_id, `status`, receive_mobile,
    create_time, `name`, series_name, update_time, msg, meta_id, short_series_id
  </sql>

  <select id="myTransfer" resultType="com.foundao.nft.common.model.TransferRecord">
    select * from nft_transfer_record where give_user_id=#{userId}
    <if test="status != null">
      and status=#{status}
    </if>
  </select>
</mapper>
