<?xml version="1.0" encoding="UTF-8"?>
<configuration>
    <property name="LOG_HOME" value="/data0/logs"/>
    <springProfile name="local,dev,uat">
        <property name="LOG_HOME" value="/Users/chenli/logs/"/>
    </springProfile>
    <property name="LOG_NAME" value="newtv-nft-cms"/>
    <property name="FILE_LOG_PATTERN" value="%d{yyyy-MM-dd HH:mm:ss.SSS} [%thread] %-5level %logger{50} - %msg%n"/>

    <!--拦截所有的日志-->
    <appender name="info" class="ch.qos.logback.core.rolling.RollingFileAppender">
        <File>${LOG_HOME}/${LOG_NAME}-info.log</File>
        <rollingPolicy class="ch.qos.logback.core.rolling.SizeAndTimeBasedRollingPolicy">
            <fileNamePattern>${LOG_HOME}/${LOG_NAME}-%d{yyyy-MM-dd}-info.%i.log</fileNamePattern>
            <maxFileSize>150MB</maxFileSize>  <!-- 日志文件过大会使的编辑器打开非常慢，因此设置日志最大150MB -->
            <maxHistory>30</maxHistory>  <!-- 保存30天 -->
            <totalSizeCap>10GB</totalSizeCap>  <!-- 总日志大小 -->
        </rollingPolicy>
        <!-- encoder负责两件事，一是把日志信息转换成字节数组，二是把字节数组写入到输出流。 -->
        <encoder class="ch.qos.logback.classic.encoder.PatternLayoutEncoder">
            <!--格式化输出：%d表示日期，%thread表示线程名，%-5level：级别从左显示5个字符宽度%msg：日志消息，%n是换行符-->
            <pattern>${FILE_LOG_PATTERN}</pattern>
        </encoder>
    </appender>

    <appender name="CONSOLE" class="ch.qos.logback.core.ConsoleAppender">
        <layout class="ch.qos.logback.classic.PatternLayout">
            <pattern>${FILE_LOG_PATTERN}</pattern>
        </layout>
        <target>System.out</target>

    </appender>

    <root level="INFO">
        <appender-ref ref="info"/>
    </root>

    <springProfile name="dev,local,uat">
        <root level="INFO">
            <appender-ref ref="info"/>
            <appender-ref ref="CONSOLE"/>
        </root>
    </springProfile>
</configuration>