<?xml version="1.0" encoding="UTF-8"?>
<!DOCTYPE mapper PUBLIC "-//mybatis.org//DTD Mapper 3.0//EN" "http://mybatis.org/dtd/mybatis-3-mapper.dtd">
<mapper namespace="com.foundao.nft.cms.mapper.AdvanceBuyMapper">
  <resultMap id="BaseResultMap" type="com.foundao.nft.common.model.AdvanceBuy">
    <!--@mbg.generated-->
    <!--@Table nft_advance_buy-->
    <id column="id" jdbcType="INTEGER" property="id" />
    <result column="series_id" jdbcType="VARCHAR" property="seriesId" />
    <result column="user_id" jdbcType="INTEGER" property="userId" />
    <result column="create_time" jdbcType="TIMESTAMP" property="createTime" />
    <result column="begin_time" jdbcType="TIMESTAMP" property="beginTime" />
    <result column="series_name" jdbcType="VARCHAR" property="seriesName" />
    <result column="appointment_num" jdbcType="INTEGER" property="appointmentNum" />
  </resultMap>
  <sql id="Base_Column_List">
    <!--@mbg.generated-->
    id, series_id, user_id, create_time, begin_time, series_name, appointment_num
  </sql>

  <select id="stats" resultType="com.foundao.nft.cms.vo.AppointmentDetailsVO">
    select s.id,t.appointment_count,s.series_name from (select count(series_id) appointment_count,series_id from nft_advance_buy where begin_time>NOW() GROUP BY series_id) t LEFT JOIN nft_series_claim s on s.series_id=t.series_id
  </select>

  <select id="selectAppointmentCount" resultType="Integer">
    select count(id) appointment_count from nft_advance_buy where begin_time>NOW() and series_id=#{seriesId} GROUP BY series_id
    </select>
</mapper>