<?xml version="1.0" encoding="UTF-8"?>
<!DOCTYPE mapper PUBLIC "-//mybatis.org//DTD Mapper 3.0//EN" "http://mybatis.org/dtd/mybatis-3-mapper.dtd">
<mapper namespace="com.foundao.nft.cms.mapper.AvatarPartMapper">
    <select id="listCanLotteryAvatarIdList" resultType="java.lang.Long">
        select part_id
        from avatar_part where status = 0
        <if test="specialType != null">
            <if test="specialType == 1">
                and special_type = #{specialType}
            </if>
            <if test="specialType == 0">
                and special_type in (0,2)
            </if>
        </if>
        and part_type = 100
    </select>

    <select id="listSpecialAvatarPart" resultType="java.lang.Long">
        select part_id
        from avatar_part where status = 0
        and source_file_name = '15_12_12_12_12'
        and special_type = 2
        and part_type = 100
    </select>

    <select id="listCanLotteryAvatarIdListBySourceFileName" resultType="java.lang.Long">
        select part_id
        from avatar_part where status = 0
                           and source_file_name = #{sourceFileName}
                           and part_type = 100
    </select>
</mapper>
