<?xml version="1.0" encoding="UTF-8"?>
<!DOCTYPE mapper PUBLIC "-//mybatis.org//DTD Mapper 3.0//EN" "http://mybatis.org/dtd/mybatis-3-mapper.dtd">
<mapper namespace="com.foundao.nft.cms.mapper.BannerMapper">
  <resultMap id="BaseResultMap" type="com.foundao.nft.common.model.Banner">
    <!--@mbg.generated-->
    <!--@Table nft_banner-->
    <id column="banner_id" jdbcType="INTEGER" property="bannerId" />
    <result column="name" jdbcType="VARCHAR" property="name" />
    <result column="picture" jdbcType="VARCHAR" property="picture" />
    <result column="redirect_uri" jdbcType="VARCHAR" property="redirectUri" typeHandler="com.baomidou.mybatisplus.extension.handlers.JacksonTypeHandler"/>
    <result column="show_status" jdbcType="INTEGER" property="showStatus" />
  </resultMap>
  <sql id="Base_Column_List">
    <!--@mbg.generated-->
    banner_id, `name`, picture, redirect_uri, show_status
  </sql>

  <select id="pageBanner" resultMap="BaseResultMap">
    select * from nft_banner
    </select>
</mapper>