<?xml version="1.0" encoding="UTF-8"?>
<!DOCTYPE mapper PUBLIC "-//mybatis.org//DTD Mapper 3.0//EN" "http://mybatis.org/dtd/mybatis-3-mapper.dtd">
<mapper namespace="com.foundao.nft.cms.mapper.BlindboxRecordMapper">
  <resultMap id="BaseResultMap" type="com.foundao.nft.common.model.BlindboxRecord">
    <!--@mbg.generated-->
    <!--@Table nft_blindbox_record-->
    <id column="box_id" jdbcType="INTEGER" property="boxId" />
    <result column="user_id" jdbcType="INTEGER" property="userId" />
    <result column="meta_id" jdbcType="INTEGER" property="metaId" />
    <result column="actual_nft_id" jdbcType="VARCHAR" property="actualNftId" />
    <result column="short_series_id" jdbcType="INTEGER" property="shortSeriesId" />
    <result column="order_id" jdbcType="INTEGER" property="orderId" />
    <result column="status" jdbcType="INTEGER" property="status" />
    <result column="create_time" jdbcType="TIMESTAMP" property="createTime" />
    <result column="update_time" jdbcType="TIMESTAMP" property="updateTime" />
    <result column="open_time" jdbcType="TIMESTAMP" property="openTime" />
    <result column="blind_box_icon" jdbcType="VARCHAR" property="blindBoxIcon" />
  </resultMap>
  <sql id="Base_Column_List">
    <!--@mbg.generated-->
    box_id, user_id, meta_id, actual_nft_id, short_series_id, order_id, `status`, create_time, 
    update_time, open_time, blind_box_icon
  </sql>
</mapper>