<?xml version="1.0" encoding="UTF-8"?>
<!DOCTYPE mapper PUBLIC "-//mybatis.org//DTD Mapper 3.0//EN" "http://mybatis.org/dtd/mybatis-3-mapper.dtd">
<mapper namespace="com.foundao.nft.cms.mapper.BrandMapper">
  <resultMap id="BaseResultMap" type="com.foundao.nft.common.model.Brand">
    <!--@mbg.generated-->
    <!--@Table nft_brand-->
    <id column="id" jdbcType="INTEGER" property="id" />
    <result column="brand_name" jdbcType="VARCHAR" property="brandName" />
    <result column="brand_icon" jdbcType="VARCHAR" property="brandIcon" />
    <result column="desc" jdbcType="VARCHAR" property="desc" />
  </resultMap>
  <sql id="Base_Column_List">
    <!--@mbg.generated-->
    id, brand_name, brand_icon, `desc`
  </sql>

  <select id="pageList" resultType="com.foundao.nft.common.model.vo.BrandVO">
    select brand.*,series.seriesCount from nft_brand brand left join (select count(*) seriesCount,brand_id from nft_series_claim GROUP BY brand_id) series on series.brand_id=brand.id
  </select>
</mapper>
