<?xml version="1.0" encoding="UTF-8"?>
<!DOCTYPE mapper PUBLIC "-//mybatis.org//DTD Mapper 3.0//EN" "http://mybatis.org/dtd/mybatis-3-mapper.dtd">
<mapper namespace="com.foundao.nft.cms.mapper.CategoryMapper">
  <resultMap id="BaseResultMap" type="com.foundao.nft.common.model.Category">
    <!--@mbg.generated-->
    <!--@Table nft_category-->
    <id column="category_id" jdbcType="INTEGER" property="categoryId" />
    <result column="category_name" jdbcType="VARCHAR" property="categoryName" />
    <result column="type" jdbcType="INTEGER" property="type" />
    <result column="create_time" jdbcType="TIMESTAMP" property="createTime" />
    <result column="status" jdbcType="INTEGER" property="status" />
  </resultMap>
  <sql id="Base_Column_List">
    <!--@mbg.generated-->
    category_id, category_name, `type`, create_time, `status`
  </sql>
</mapper>