<?xml version="1.0" encoding="UTF-8"?>
<!DOCTYPE mapper PUBLIC "-//mybatis.org//DTD Mapper 3.0//EN" "http://mybatis.org/dtd/mybatis-3-mapper.dtd">
<mapper namespace="com.foundao.nft.cms.mapper.CmsUserMapper">
  <resultMap id="BaseResultMap" type="com.foundao.nft.common.model.CmsUser">
    <!--@mbg.generated-->
    <!--@Table cms_user-->
    <id column="user_id" jdbcType="INTEGER" property="userId" />
    <result column="username" jdbcType="VARCHAR" property="username" />
    <result column="nick_name" jdbcType="VARCHAR" property="nickName" />
    <result column="password" jdbcType="VARCHAR" property="password" />
    <result column="email" jdbcType="VARCHAR" property="email" />
    <result column="mobile" jdbcType="VARCHAR" property="mobile" />
    <result column="status" jdbcType="BOOLEAN" property="status" />
    <result column="create_time" jdbcType="TIMESTAMP" property="createTime" />
    <result column="modify_time" jdbcType="TIMESTAMP" property="modifyTime" />
    <result column="avatar" jdbcType="VARCHAR" property="avatar" />
  </resultMap>
  <sql id="Base_Column_List">
    <!--@mbg.generated-->
    user_id, username, nick_name, `password`, email, mobile, `status`, create_time, modify_time,
    avatar
  </sql>
</mapper>
