<?xml version="1.0" encoding="UTF-8"?>
<!DOCTYPE mapper PUBLIC "-//mybatis.org//DTD Mapper 3.0//EN" "http://mybatis.org/dtd/mybatis-3-mapper.dtd">
<mapper namespace="com.foundao.nft.cms.mapper.ExchangeCodeMapper">
  <resultMap id="BaseResultMap" type="com.foundao.nft.common.model.ExchangeCode">
    <!--@mbg.generated-->
    <!--@Table nft_exchange_code-->
    <id column="code_id" jdbcType="INTEGER" property="codeId" />
    <result column="short_series_id" jdbcType="INTEGER" property="shortSeriesId" />
    <result column="meta_id" jdbcType="INTEGER" property="metaId" />
    <result column="code" jdbcType="VARCHAR" property="code" />
    <result column="create_time" jdbcType="TIMESTAMP" property="createTime" />
    <result column="update_time" jdbcType="TIMESTAMP" property="updateTime" />
    <result column="status" jdbcType="INTEGER" property="status" />
    <result column="used_user_id" jdbcType="INTEGER" property="usedUserId" />
  </resultMap>
  <sql id="Base_Column_List">
    <!--@mbg.generated-->
    code_id, short_series_id, meta_id, code, create_time, update_time, `status`, used_user_id
  </sql>

  <select id="lsitExchangeCodeVO" resultType="com.foundao.nft.common.model.vo.ExchangeCodeVO">
    select ec.*,s.series_name,nm.name from nft_exchange_code ec left join nft_series_claim s on s.id=ec.short_series_id
    left join nft_metadata nm on ec.meta_id = nm.meta_id
    <where>
      <if test="seriesId != null and seriesId != ''">
        ec.short_series_id=#{seriesId}
      </if>
    </where>
    </select>

  <select id="pageExchangeRecordVO" resultType="com.foundao.nft.common.model.vo.ExchangeRecordVO">
    SELECT
            nu.nick_name,
            nu.user_id,
            nu.mobile,
            ec.update_time exchangeTime,
            m.`name`
    FROM
            nft_exchange_code ec
                    LEFT JOIN nft_user nu ON nu.user_id = ec.used_user_id
                    LEFT JOIN nft_metadata m ON m.meta_id = ec.meta_id
    WHERE
            ec.`status` = 1
      <if test="request.keyword != null and request.keyword != ''">
        AND (ec.used_user_id = #{request.keyword} or nu.mobile=#{request.keyword})
      </if>
      <if test="request.startDate != null and request.startDate != ''">
          and ec.create_time &gt;= CONCAT('', #{request.startDate}, ' 00:00:00')
      </if>
      <if test="request.endDate != null and request.endDate != ''">
          and ec.create_time &lt;= CONCAT('', #{request.endDate}, ' 23:59:59')
      </if>

    ORDER BY
            exchangeTime DESC
    </select>

  <select id="exchangeRecordVOExport" resultType="com.foundao.nft.common.model.vo.ExchangeRecordVO">
    SELECT
    nu.nick_name,
    nu.user_id,
    nu.mobile,
    ec.update_time exchangeTime,
    m.`name`
    FROM
    nft_exchange_code ec
    LEFT JOIN nft_user nu ON nu.user_id = ec.used_user_id
    LEFT JOIN nft_metadata m ON m.meta_id = ec.meta_id
    WHERE
    ec.`status` = 1
    <if test="request.keyword != null and request.keyword != ''">
      AND (ec.used_user_id = #{request.keyword} or nu.mobile=#{request.keyword})
    </if>
    <if test="request.startDate != null and request.startDate != ''">
      and ec.create_time &gt;= CONCAT('', #{request.startDate}, ' 00:00:00')
    </if>
    <if test="request.endDate != null and request.endDate != ''">
      and ec.create_time &lt;= CONCAT('', #{request.endDate}, ' 23:59:59')
    </if>
    ORDER BY
    exchangeTime DESC
  </select>
</mapper>
