<?xml version="1.0" encoding="UTF-8"?>
<!DOCTYPE mapper PUBLIC "-//mybatis.org//DTD Mapper 3.0//EN" "http://mybatis.org/dtd/mybatis-3-mapper.dtd">
<mapper namespace="com.foundao.nft.cms.mapper.GoodsMapper">
  <resultMap id="BaseResultMap" type="com.foundao.nft.common.model.Goods">
    <!--@mbg.generated-->
    <!--@Table nft_goods-->
    <id column="id" jdbcType="INTEGER" property="id" />
    <result column="name" jdbcType="VARCHAR" property="name" />
    <result column="apple_name" jdbcType="VARCHAR" property="appleName" />
    <result column="price" jdbcType="INTEGER" property="price" />
    <result column="create_time" jdbcType="TIMESTAMP" property="createTime" />
    <result column="update_time" jdbcType="TIMESTAMP" property="updateTime" />
  </resultMap>
  <sql id="Base_Column_List">
    <!--@mbg.generated-->
    id, `name`, apple_name, price, create_time, update_time
  </sql>

  <select id="pageList" resultType="com.foundao.nft.common.model.Goods">
    select * from nft_goods order by price
    </select>
</mapper>