<?xml version="1.0" encoding="UTF-8"?>
<!DOCTYPE mapper PUBLIC "-//mybatis.org//DTD Mapper 3.0//EN" "http://mybatis.org/dtd/mybatis-3-mapper.dtd">
<mapper namespace="com.foundao.nft.cms.mapper.IntegralRecordMapper">
    <resultMap id="BaseResultMap" type="com.foundao.nft.common.model.IntegralRecord">
        <!--@mbg.generated-->
        <!--@Table nft_integral_record-->
        <id column="user_id" jdbcType="INTEGER" property="userId"/>
        <result column="integral" jdbcType="INTEGER" property="integral"/>
        <result column="source_id" jdbcType="INTEGER" property="sourceId"/>
        <result column="source_type" jdbcType="INTEGER" property="sourceType"/>
        <result column="create_time" jdbcType="TIMESTAMP" property="createTime"/>
        <result column="symbol" jdbcType="VARCHAR" property="symbol"/>
        <result column="remark" jdbcType="VARCHAR" property="remark"/>
    </resultMap>
    <sql id="Base_Column_List">
        <!--@mbg.generated-->
        user_id, integral, source_id, source_type, create_time, symbol, remark
    </sql>

    <select id="systemInfo" resultType="com.foundao.nft.cms.vo.SystemIntegralInfoVO">
        SELECT t1.totalPut,
               (t1.totalPut - t2.totalUsed) totalRest
        FROM (
                     SELECT sum(integral) totalPut
                     FROM `nft_integral_record` r
                                  LEFT JOIN nft_user nu ON nu.user_id = r.user_id
                     WHERE r.symbol = 'in'
                       AND nu.mobile IS not NULL
                     ) t1,
             (
                     SELECT sum(integral) totalUsed
                     FROM `nft_integral_record` r
                                  LEFT JOIN nft_user nu ON nu.user_id = r.user_id
                     WHERE r.symbol = 'out'
                       AND nu.mobile IS not NULL
                     ) t2
    </select>

    <select id="pageRecord" resultType="com.foundao.nft.common.model.IntegralRecord">
        select *
        from nft_integral_record
        where user_id = #{userId}
    </select>

    <select id="integralHistoryDetails" resultType="com.foundao.nft.common.model.vo.IntegralHistoryDetailsVO">
        SELECT ir.create_time,
               ir.user_id,
               u.mobile,
               ir.symbol,
               ir.integral,
               CASE
                       ir.source_type
                       WHEN 'buyNft' then ir.source_id
                       else '' end tradeNo,
               ir.rest_usable_integral
        FROM nft_integral_record ir
                     LEFT JOIN nft_user u ON ir.user_id = u.user_id
        <where>
            <if test="request.keyword != null and request.keyword != ''">
                and u.mobile = #{request.keyword}
            </if>
            <if test="request.startDate != null and request.startDate != ''">
                and ir.create_time &gt;= CONCAT('', #{request.startDate}, ' 00:00:00')
            </if>
            <if test="request.endDate != null and request.endDate != ''">
                and ir.create_time &lt;= CONCAT('', #{request.endDate}, ' 23:59:59')
            </if>
        </where>
    </select>
</mapper>
