<?xml version="1.0" encoding="UTF-8"?>
<!DOCTYPE mapper PUBLIC "-//mybatis.org//DTD Mapper 3.0//EN" "http://mybatis.org/dtd/mybatis-3-mapper.dtd">
<mapper namespace="com.foundao.nft.cms.mapper.IntegralMapper">
    <resultMap id="BaseResultMap" type="com.foundao.nft.common.model.Integral">
        <!--@mbg.generated-->
        <!--@Table nft_integral-->
        <id column="user_id" jdbcType="INTEGER" property="userId"/>
        <result column="usable_integral" jdbcType="INTEGER" property="usableIntegral"/>
        <result column="frozen_integral" jdbcType="INTEGER" property="frozenIntegral"/>
        <result column="create_time" jdbcType="TIMESTAMP" property="createTime"/>
        <result column="update_time" jdbcType="TIMESTAMP" property="updateTime"/>
    </resultMap>
    <sql id="Base_Column_List">
        <!--@mbg.generated-->
        user_id, usable_integral, frozen_integral, create_time, update_time
    </sql>

    <select id="pageIntegral" resultType="com.foundao.nft.common.model.Integral">
        SELECT nu.user_id,
               nu.nick_name,
               nu.mobile,
               IFNULL(ni.usable_integral, 0) usable_integral,
               IFNULL(ni.frozen_integral, 0) frozen_integral,
               ni.create_time,
               ni.update_time
        FROM nft_user nu
                     LEFT JOIN nft_integral ni ON ni.user_id = nu.user_id
        <where>
            <if test="request.keyword != null and request.keyword != ''">
                nu.mobile = #{request.keyword}
            </if>
        </where>
    </select>

    <select id="personIntegralStats" resultType="com.foundao.nft.common.model.vo.UserIntegralDetailsVO">
        SELECT nu.avatar,
               nu.nick_name,
               nu.user_id,
               nu.mobile,
               ni.usable_integral,
               IFNULL(t.totalUsed, 0) totalUsed
        FROM nft_user nu
                     LEFT JOIN nft_integral ni ON ni.user_id = nu.user_id
                     LEFT JOIN (SELECT sum(integral) totalUsed, user_id
                                FROM nft_integral_record nir
                                WHERE nir.user_id = #{userId}
                                  AND symbol = 'out'
                                GROUP BY user_id) t ON t.user_id = nu.user_id
        WHERE nu.user_id = #{userId}
    </select>

    <select id="integralStats" resultType="com.foundao.nft.common.model.vo.IntegralStatsVO">
        SELECT t.*,
               ifnull(t1.usedIntegral, 0) usedIntegral
        FROM (
                     SELECT i.user_id,
                            u.nick_name,
                            u.user_name,
                            u.mobile,
                            i.usable_integral
                     FROM nft_integral i
                                  LEFT JOIN nft_user u ON i.user_id = u.user_id
                     ) t
                     LEFT JOIN (SELECT user_id, sum(integral) usedIntegral
                                FROM nft_integral_record ir
                                WHERE symbol = 'out'
                                GROUP BY user_id) t1 ON t1.user_id = t.user_id
        ORDER BY usable_integral DESC
    </select>
</mapper>
