<?xml version="1.0" encoding="UTF-8"?>
<!DOCTYPE mapper PUBLIC "-//mybatis.org//DTD Mapper 3.0//EN" "http://mybatis.org/dtd/mybatis-3-mapper.dtd">
<mapper namespace="com.foundao.nft.cms.mapper.InviteMapper">
  <resultMap id="BaseResultMap" type="com.foundao.nft.common.model.Invite">
    <!--@mbg.generated-->
    <!--@Table nft_invite-->
    <id column="user_id" jdbcType="INTEGER" property="userId" />
    <result column="mobile" jdbcType="VARCHAR" property="mobile" />
    <result column="nick_name" jdbcType="VARCHAR" property="nickName" />
    <result column="invite_user_id" jdbcType="INTEGER" property="inviteUserId" />
    <result column="invite_mobile" jdbcType="VARCHAR" property="inviteMobile" />
    <result column="invite_nick_name" jdbcType="VARCHAR" property="inviteNickName" />
    <result column="reg_time" jdbcType="TIMESTAMP" property="regTime" />
    <result column="auth" jdbcType="INTEGER" property="auth" />
    <result column="auth_time" jdbcType="TIMESTAMP" property="authTime" />
  </resultMap>
  <sql id="Base_Column_List">
    <!--@mbg.generated-->
    user_id, mobile, nick_name, invite_user_id, invite_mobile, invite_nick_name, reg_time,
    auth, auth_time
  </sql>

  <select id="pageInviteVO" resultType="com.foundao.nft.common.model.vo.InviteVO">
    select i.*,ni.usable_integral,ini.usable_integral inviteUsableIntegral from nft_invite i left join nft_integral ni on ni.user_id=i.user_id
    left join nft_integral ini on ini.user_id=i.invite_user_id
    <where>
      <if test="request.keyword != null and request.keyword != ''">
        i.mobile = #{request.keyword}
        OR i.invite_mobile = #{request.keyword}
        OR i.nick_name = #{request.keyword}
        OR i.invite_nick_name = #{request.keyword}
      </if>
    </where>
  </select>

  <select id="pageInviteVOExport" resultType="com.foundao.nft.common.model.vo.InviteVO">
    select i.*,ni.usable_integral,ini.usable_integral inviteUsableIntegral from nft_invite i left join nft_integral ni on ni.user_id=i.user_id
    left join nft_integral ini on ini.user_id=i.invite_user_id
    <where>
      <if test="keyword != null and keyword != ''">
        i.mobile = #{keyword}
        OR i.invite_mobile = #{keyword}
        OR i.nick_name = #{keyword}
        OR i.invite_nick_name = #{keyword}
      </if>
    </where>
    order by reg_time desc
  </select>
</mapper>
