<?xml version="1.0" encoding="UTF-8"?>
<!DOCTYPE mapper PUBLIC "-//mybatis.org//DTD Mapper 3.0//EN" "http://mybatis.org/dtd/mybatis-3-mapper.dtd">
<mapper namespace="com.foundao.nft.cms.mapper.LogIpMapper">
  <resultMap id="BaseResultMap" type="com.foundao.nft.common.model.LogIp">
    <!--@mbg.generated-->
    <!--@Table log_ip-->
    <id column="id" jdbcType="INTEGER" property="id" />
    <result column="invite_code" jdbcType="INTEGER" property="inviteCode" />
    <result column="count" jdbcType="INTEGER" property="count" />
    <result column="ip" jdbcType="VARCHAR" property="ip" />
  </resultMap>
  <sql id="Base_Column_List">
    <!--@mbg.generated-->
    id, invite_code, `count`, ip
  </sql>
</mapper>