<?xml version="1.0" encoding="UTF-8"?>
<!DOCTYPE mapper PUBLIC "-//mybatis.org//DTD Mapper 3.0//EN" "http://mybatis.org/dtd/mybatis-3-mapper.dtd">
<mapper namespace="com.foundao.nft.cms.mapper.MergeMapper">
    <resultMap id="BaseResultMap" type="com.foundao.nft.common.model.Merge">
        <!--@mbg.generated-->
        <!--@Table nft_merge-->
        <id column="merge_id" jdbcType="INTEGER" property="mergeId"/>
        <result column="meta_id" jdbcType="INTEGER" property="metaId"/>
        <result column="user_id" jdbcType="INTEGER" property="userId"/>
        <result column="recipe_id" jdbcType="INTEGER" property="recipeId"/>
        <result column="collection_id" jdbcType="INTEGER" property="collectionId"/>
        <result column="status" jdbcType="INTEGER" property="status"/>
        <result column="create_time" jdbcType="TIMESTAMP" property="createTime"/>
        <result column="update_time" jdbcType="TIMESTAMP" property="updateTime"/>
    </resultMap>
    <resultMap id="MergeVOResultMap" type="com.foundao.nft.common.model.vo.MergeVO">
        <result column="mobile" property="mobile"/>
        <result column="user_id" property="userId"/>
        <result column="name" property="name"/>
        <result column="update_time" property="updateTime"/>
        <result column="recipe_id" property="recipeId"/>
        <collection property="materials" ofType="com.foundao.nft.common.model.vo.RecipeMaterialBaseVO"
                    column="recipe_id" select="selectByRecipeId"/>
    </resultMap>

    <select id="mergePage" resultMap="MergeVOResultMap">
        SELECT mr.user_id,
               mr.create_time,
               mr.recipe_id,
               u.mobile,
               m.name
        FROM nft_merge mr
                 LEFT JOIN nft_metadata m ON m.meta_id = mr.meta_id
                 left join nft_user u on u.user_id = mr.user_id
        where mr.`status` = 1
        <if test="request.keyword != null and request.keyword != ''">
            and u.mobile = #{request.keyword}
        </if>
    </select>

    <select id="selectByRecipeId" resultType="com.foundao.nft.common.model.vo.RecipeMaterialBaseVO">
        select *
        from nft_recipe_material
        where recipe_id = #{recipe_id}
    </select>
</mapper>