<?xml version="1.0" encoding="UTF-8"?>
<!DOCTYPE mapper PUBLIC "-//mybatis.org//DTD Mapper 3.0//EN" "http://mybatis.org/dtd/mybatis-3-mapper.dtd">
<mapper namespace="com.foundao.nft.cms.mapper.NftMetadataMapper">
  <select id="pageList" resultType="com.foundao.nft.common.model.vo.NftListVO">
    select nm.*,nsc.series_name from  nft_metadata nm left join nft_series_claim nsc on nm.series_id = nsc.series_id and nsc.task_status=7
    <where>
      <if test="requestVo.multiValueSearch.seriesId!=null">
        nm.series_id = #{requestVo.multiValueSearch.seriesId}
      </if>
    </where>
  </select>

  <select id="countRestCount" resultType="int">
    select sum(rest_count) from nft_metadata where series_id = #{seriesId} and task_status = 7
  </select>

  <select id="listBase" resultType="com.foundao.nft.common.model.vo.NftMetaDataBaseVO">
    select * from nft_metadata
    <where>
      short_series_id!=1
      <if test="id != null">
        and short_series_id=#{id}
      </if>
      <if test="metaType != null">
        and meta_type=#{metaType}
      </if>
    </where>
  </select>
</mapper>
