<?xml version="1.0" encoding="UTF-8"?>
<!DOCTYPE mapper PUBLIC "-//mybatis.org//DTD Mapper 3.0//EN" "http://mybatis.org/dtd/mybatis-3-mapper.dtd">
<mapper namespace="com.foundao.nft.cms.mapper.NftOrderMapper">
    <resultMap id="BaseResultMap" type="com.foundao.nft.common.model.NftOrder">
        <!--@mbg.generated-->
        <!--@Table nft_order-->
        <id column="order_id" jdbcType="INTEGER" property="orderId"/>
        <result column="trade_no" jdbcType="VARCHAR" property="tradeNo"/>
        <result column="user_id" jdbcType="INTEGER" property="userId"/>
        <result column="fee" jdbcType="INTEGER" property="fee"/>
        <result column="order_type" jdbcType="TINYINT" property="orderType"/>
        <result column="create_time" jdbcType="TIMESTAMP" property="createTime"/>
        <result column="update_time" jdbcType="TIMESTAMP" property="updateTime"/>
        <result column="status" jdbcType="INTEGER" property="status"/>
        <result column="msg" jdbcType="VARCHAR" property="msg"/>
        <result column="product_id" jdbcType="INTEGER" property="productId"/>
        <result column="product_id2" jdbcType="VARCHAR" property="productId2"/>
        <result column="third_transaction_id" jdbcType="VARCHAR" property="thirdTransactionId"/>
        <result column="expire_time" jdbcType="INTEGER" property="expireTime"/>
        <result column="is_abandon" jdbcType="TINYINT" property="isAbandon"/>
        <result column="pay_type" jdbcType="VARCHAR" property="payType"/>
        <result column="apple_goods_id" jdbcType="VARCHAR" property="appleGoodsId"/>
        <result column="ip" jdbcType="VARCHAR" property="ip"/>
        <result column="pay_data" jdbcType="VARCHAR" property="payData"/>
    </resultMap>
    <sql id="Base_Column_List">
        <!--@mbg.generated-->
        order_id, trade_no, user_id, fee, order_type, create_time, update_time, `status`,
        msg, product_id, product_id2, third_transaction_id, expire_time, is_abandon, pay_type,
        apple_goods_id, ip, pay_data
    </sql>

    <select id="getPurchaseHistory" resultType="com.foundao.nft.common.model.vo.PurchaseHistory">
        SELECT r.create_time,
               s.meta_type,
               r.actual_nft_id,
               meta.`name`,
               o.order_id,
               o.fee,
               o.pay_type,
               s.series_name
        FROM nft_record r
                     LEFT JOIN nft_order o ON r.actual_nft_id = o.product_id2
                     LEFT JOIN nft_metadata meta ON meta.meta_id = r.meta_id
                     left join nft_series_claim s on s.series_id = meta.series_id
        where r.user_id = #{userId}
    </select>

    <select id="tradeList" resultType="com.foundao.nft.common.model.vo.TradeCapitalInfoVO">
        SELECT o.order_id,
               o.create_time tradeTime,
               o.tx_hash,
               o.fee,
               o.pay_type,
               o.product_id2 actualNftId,
               USER.user_name,
               USER.mobile,
               meta.NAME,
               series.series_name
        FROM nft_order o
                     LEFT JOIN nft_user USER ON USER.user_id = o.user_id
                     LEFT JOIN nft_metadata meta ON meta.meta_id = o.product_id
                     LEFT JOIN nft_series_claim series ON series.id = o.short_series_id
        <where>
            <if test="request.keyword != null and request.keyword != ''">
                meta.NAME = #{request.keyword}
                        OR USER.user_name = #{request.keyword}
            </if>
        </where>
    </select>

    <select id="getAborigines" resultType="java.lang.String">
        SELECT user_id
        FROM (
                     SELECT count(user_id) userCount,
                            user_id
                     FROM (SELECT user_id, product_id
                           FROM nft_order
                           WHERE product_id = #{metaId}
                             AND STATUS = 2
                           GROUP BY user_id, product_id
                           ORDER BY user_id) t
                     GROUP BY user_id
                     ) c
        WHERE c.userCount >= 1
    </select>

    <select id="selectRecordForBlindBox" resultType="com.foundao.nft.cms.vo.RecordForBlindBoxVO">
        select o.fee, o.count, o.pay_type
        from nft_blindbox_record b
                     left join nft_order o on o.order_id = b.order_id and o.status = 2
        where b.actual_nft_id = #{actualNftId}
    </select>

    <select id="orderHistoryDetails" resultType="com.foundao.nft.common.model.vo.OrderHistoryDetailsVO">
        SELECT o.create_time,
               o.pay_time,
               o.user_id,
               u.user_name,
               u.nick_name,
               u.mobile,
               sc.series_name,
               m.`name`,
               o.pay_type,
               o.fee,
               o.integral,
               o.count
        FROM nft_order o
                     LEFT JOIN nft_user u ON u.user_id = o.user_id
                     left join nft_series_claim sc on sc.id = o.short_series_id
                     left join nft_metadata m on m.meta_id = o.product_id
                WHERE o.`status` = 2
                  AND o.pay_type != 'FREEACCESS'
            <if test="request.keyword != null and request.keyword != ''">
                and u.mobile = #{request.keyword}
            </if>
            <if test="request.startDate != null and request.startDate != ''">
                and o.create_time &gt;= CONCAT('', #{request.startDate}, ' 00:00:00')
            </if>
            <if test="request.endDate != null and request.endDate != ''">
                and o.create_time &lt;= CONCAT('', #{request.endDate}, ' 23:59:59')
            </if>

    </select>

    <select id="findConsume" resultType="com.foundao.nft.common.model.vo.UserConsumeVO">
        select user_id,sum(fee) totalFee from nft_order where
            create_time &gt;= #{startDate}
            and create_time &lt;= #{endDate}
            and status=2 and fee>0 GROUP BY user_id
    </select>
</mapper>
