<?xml version="1.0" encoding="UTF-8"?>
<!DOCTYPE mapper PUBLIC "-//mybatis.org//DTD Mapper 3.0//EN" "http://mybatis.org/dtd/mybatis-3-mapper.dtd">
<mapper namespace="com.foundao.nft.cms.mapper.NftRecordDeleteMapper">
  <resultMap id="BaseResultMap" type="com.foundao.nft.common.model.NftRecordDelete">
    <!--@mbg.generated-->
    <!--@Table nft_record_delete-->
    <id column="id" jdbcType="INTEGER" property="id" />
    <result column="nft_id" jdbcType="VARCHAR" property="nftId" />
    <result column="owner_time" jdbcType="TIMESTAMP" property="ownerTime" />
    <result column="owner_addr" jdbcType="VARCHAR" property="ownerAddr" />
    <result column="meta_id" jdbcType="INTEGER" property="metaId" />
    <result column="obtain_type" jdbcType="INTEGER" property="obtainType" />
    <result column="giver_user_id" jdbcType="INTEGER" property="giverUserId" />
    <result column="giver_user_name" jdbcType="VARCHAR" property="giverUserName" />
    <result column="user_id" jdbcType="INTEGER" property="userId" />
    <result column="meta_type" jdbcType="TINYINT" property="metaType" />
    <result column="create_time" jdbcType="TIMESTAMP" property="createTime" />
    <result column="actual_nft_id" jdbcType="VARCHAR" property="actualNftId" />
    <result column="delete_time" jdbcType="TIMESTAMP" property="deleteTime" />
  </resultMap>
  <sql id="Base_Column_List">
    <!--@mbg.generated-->
    id, nft_id, owner_time, owner_addr, meta_id, obtain_type, giver_user_id, giver_user_name, 
    user_id, meta_type, create_time, actual_nft_id, delete_time
  </sql>
</mapper>