<?xml version="1.0" encoding="UTF-8"?>
<!DOCTYPE mapper PUBLIC "-//mybatis.org//DTD Mapper 3.0//EN" "http://mybatis.org/dtd/mybatis-3-mapper.dtd">
<mapper namespace="com.foundao.nft.cms.mapper.NftRecordMapper">
    <select id="pageList" resultType="com.foundao.nft.common.model.vo.NftListVO">
        select record.*, nm.*
        from nft_record record
                 left join nft_metadata nm on record.meta_id = nm.meta_id
    </select>

    <select id="findMoreBuyPrimaryUserId" resultType="java.lang.Integer">
        select t.user_id
        from (select user_id, count(id) count from nft_record where meta_id = #{metaId} GROUP BY user_id) t
                 LEFT JOIN nft_user u on u.user_id = t.user_id
        where t.count > 1
    </select>

    <insert id="deleteBak">
        insert into nft_record_bak
        select *
        from nft_record
        where id = #{id}
    </insert>

    <select id="findFromBak" resultType="com.foundao.nft.common.model.NftRecord">
        select *
        from nft_record_bak
        where id = #{backId}
    </select>

    <update id="updateBak">
        update nft_record_bak
        set buy_status=11,
            deleted=1
        where id =
        #{id}
    </update>

    <select id="userNftInfo" resultType="com.foundao.nft.common.model.vo.UserNftInfoVO">
        SELECT t.user_id,
               u.nick_name,
               u.user_name,
               u.mobile,
               m.name,
               t.buyCount
        FROM (
        SELECT user_id,
               meta_id,
               count(id) buyCount
        FROM nft_record
        WHERE buy_status = 7
        <!--<if test="request.startDate != null and request.startDate != ''">-->
        <!--    and create_time &gt;= CONCAT('', #{request.startDate}, ' 00:00:00')-->
        <!--</if>-->
        <!--<if test="request.endDate != null and request.endDate != ''">-->
        <!--    and create_time &lt;= CONCAT('', #{request.endDate}, ' 23:59:59')-->
        <!--</if>-->
        GROUP BY user_id,
                 meta_id
        ORDER BY user_id
        ) t
            LEFT JOIN nft_user u ON u.user_id = t.user_id
            LEFT JOIN nft_metadata m ON m.meta_id = t.meta_id
        <where>
            <if test="request.keyword != null and request.keyword != ''">
                and u.mobile = #{request.keyword}
            </if>
        </where>
    </select>

    <select id="userHoldInfo" resultType="com.foundao.nft.common.model.vo.HoldInfoResponseVO">
        SELECT t.user_id,
               u.nick_name,
               u.user_name,
               u.mobile,
               m.NAME,
               t.holdCount
        FROM (SELECT user_id,
                     meta_id,
                     count(id) holdCount
              FROM nft_record
              WHERE meta_id IN
                    (select mm.meta_id from nft_series_claim sc left join nft_metadata mm on mm.series_id=sc.series_id where sc.id=#{shortSeriesId})
                AND buy_status = 7
              GROUP BY user_id,
                       meta_id
              ORDER BY user_id) t
                 LEFT JOIN nft_user u ON u.user_id = t.user_id
                 LEFT JOIN nft_metadata m ON m.meta_id = t.meta_id
    </select>
</mapper>
