<?xml version="1.0" encoding="UTF-8"?>
<!DOCTYPE mapper PUBLIC "-//mybatis.org//DTD Mapper 3.0//EN" "http://mybatis.org/dtd/mybatis-3-mapper.dtd">
<mapper namespace="com.foundao.nft.cms.mapper.NftSeriesClaimMapper">
    <resultMap id="BaseResultMap" type="com.foundao.nft.common.model.NftSeriesClaim">
        <!--@mbg.generated-->
        <!--@Table nft_series_claim-->
        <id column="id" jdbcType="INTEGER" property="id"/>
        <result column="series_id" jdbcType="VARCHAR" property="seriesId"/>
        <result column="type" jdbcType="INTEGER" property="type"/>
        <result column="operator" jdbcType="INTEGER" property="operator"/>
        <result column="series_name" jdbcType="VARCHAR" property="seriesName"/>
        <result column="total_count" jdbcType="INTEGER" property="totalCount"/>
        <result column="operate_id" jdbcType="VARCHAR" property="operateId"/>
        <result column="cover_url" jdbcType="VARCHAR" property="coverUrl"/>
        <result column="desc" jdbcType="VARCHAR" property="desc"/>
        <result column="series_begin_from_zero" jdbcType="INTEGER" property="seriesBeginFromZero"/>
        <result column="show_status" jdbcType="INTEGER" property="showStatus"/>
        <result column="task_id" jdbcType="VARCHAR" property="taskId"/>
        <result column="author" jdbcType="VARCHAR" property="author"/>
    </resultMap>
    <sql id="Base_Column_List">
        <!--@mbg.generated-->
        id, series_id, `type`, `operator`, series_name, total_count, operate_id, cover_url,
        `desc`, series_begin_from_zero, show_status, task_id, author
    </sql>

    <select id="pageSeries" resultType="com.foundao.nft.cms.vo.SeriesListVO">
        select series.*, user.nick_name operatorName, IFNULL(meta.count, 0) nftCount
        from nft_series_claim series
                     left join cms_user user on series.operator = user.user_id
                     left join (select count(*) count, series_id from nft_metadata group by series_id) meta
                on meta.series_id = series.series_id
        <where>
            <if test="requestVo.keyword != null and requestVo.keyword != ''">
                (id=#{requestVo.keyword} or series_name like concat('%', #{requestVo.keyword}, '%'))
            </if>
            <if test="requestVo.multiValueSearch.advanceBuy !=null">
                and advance_buy=#{requestVo.multiValueSearch.advanceBuy}
                <if test="requestVo.multiValueSearch.advanceBuy ==1">
                    and begin_time > NOW()
                </if>
            </if>
            <if test="requestVo.multiValueSearch.exchange !=null">
                and exchange=#{requestVo.multiValueSearch.exchange}
            </if>
        </where>
    </select>

    <select id="listBase" resultType="com.foundao.nft.common.model.vo.SeriesBaseVO">
        select s.id, s.series_id, s.series_name, s.apple_name, g.price, s.meta_type,s.ios_pay_type
        from nft_series_claim s
                     left join nft_goods g on g.apple_name = s.apple_name
        <where>
            task_status = 7 and s.id!=1
            <if test="baseQuery.charge != null">
                and charge = #{baseQuery.charge}
            </if>
            <if test="baseQuery.metaType != null">
                and meta_type = #{baseQuery.metaType}
            </if>
            <if test="baseQuery.advanceBuy != null">
                and advance_buy = #{baseQuery.advanceBuy}
            </if>
            <if test="baseQuery.exchange != null">
                and exchange = #{baseQuery.exchange}
            </if>
        </where>
        order by s.create_time desc
    </select>
</mapper>
