<?xml version="1.0" encoding="UTF-8"?>
<!DOCTYPE mapper PUBLIC "-//mybatis.org//DTD Mapper 3.0//EN" "http://mybatis.org/dtd/mybatis-3-mapper.dtd">
<mapper namespace="com.foundao.nft.cms.mapper.NftTaskMapper">
  <resultMap id="BaseResultMap" type="com.foundao.nft.common.model.NftTask">
    <!--@mbg.generated-->
    <!--@Table nft_task-->
    <id column="task_id" jdbcType="VARCHAR" property="taskId" />
    <result column="type" jdbcType="INTEGER" property="type" />
    <result column="status" jdbcType="INTEGER" property="status" />
    <result column="task_msg" jdbcType="VARCHAR" property="taskMsg" />
    <result column="nft_id_begin" jdbcType="VARCHAR" property="nftIdBegin" />
    <result column="tx_hash" jdbcType="VARCHAR" property="txHash" />
    <result column="chain_timestamp" jdbcType="TIMESTAMP" property="chainTimestamp" />
  </resultMap>
  <sql id="Base_Column_List">
    <!--@mbg.generated-->
    task_id, `type`, `status`, task_msg, nft_id_begin, tx_hash, chain_timestamp
  </sql>
</mapper>