<?xml version="1.0" encoding="UTF-8"?>
<!DOCTYPE mapper PUBLIC "-//mybatis.org//DTD Mapper 3.0//EN" "http://mybatis.org/dtd/mybatis-3-mapper.dtd">
<mapper namespace="com.foundao.nft.cms.mapper.NftUserMapper">
    <resultMap id="BaseResultMap" type="com.foundao.nft.common.model.NftUser">
        <!--@mbg.generated-->
        <!--@Table nft_user-->
        <id column="user_id" jdbcType="INTEGER" property="userId"/>
        <result column="user_name" jdbcType="VARCHAR" property="userName"/>
        <result column="nick_name" jdbcType="VARCHAR" property="nickName"/>
        <result column="password" jdbcType="VARCHAR" property="password"/>
        <result column="avatar" jdbcType="VARCHAR" property="avatar"/>
        <result column="mobile" jdbcType="VARCHAR" property="mobile"/>
        <result column="status" jdbcType="INTEGER" property="status"/>
        <result column="create_time" jdbcType="TIMESTAMP" property="createTime"/>
        <result column="update_time" jdbcType="TIMESTAMP" property="updateTime"/>
        <result column="internal_emp" jdbcType="INTEGER" property="internalEmp"/>
    </resultMap>
    <sql id="Base_Column_List">
        <!--@mbg.generated-->
        user_id, user_name, nick_name, `password`, avatar, mobile, id_card, `status`, create_time,
        update_time, internal_emp, is_auth
    </sql>

    <select id="findUserByMobile" resultType="com.foundao.nft.common.model.NftUser">
        select *
        from nft_user
        where mobile = #{mobile}
    </select>

    <select id="findUserByMobileNoLock" resultType="com.foundao.nft.common.model.NftUser">
        select u.*
        from nft_user u,
             (select count(*) lock_count, #{mobile} mobile
              from avatar_part
              where lock_user_id = (select user_id from nft_user where mobile = #{mobile})) t
        where t.lock_count = 0
          and u.mobile = t.mobile
    </select>

    <select id="pageUserVO" resultType="com.foundao.nft.common.model.vo.UserListVO">
        select u.*,ifnull(ni.usable_integral,0) usableIntegral
        from nft_user u
        left join nft_integral ni on u.user_id = ni.user_id
        <where>
            <if test="request.keyword != null and request.keyword != ''">
                u.user_id = #{request.keyword}
                        or u.user_name = #{request.keyword}
                        or u.mobile = #{request.keyword}
            </if>
        </where>
    </select>

    <select id="getDetails" resultType="com.foundao.nft.common.model.vo.UserDetailsVO">
        select u.*,ifnull(ni.usable_integral,0) usableIntegral
        from nft_user u left join nft_integral ni on u.user_id = ni.user_id
        where u.user_id = #{userId}
    </select>

    <select id="findPrimaryUserCount" resultType="int">
        select count(u.user_id)
        from nft_user u
        where u.user_id in (SELECT user_id
                            FROM (
                                         SELECT count(user_id) userCount,
                                                user_id
                                         FROM (SELECT user_id, product_id
                                               FROM nft_order
                                               WHERE product_id in (6426, 6427)
                                                 AND STATUS = 2
                                               GROUP BY user_id, product_id
                                               ORDER BY user_id) t
                                         GROUP BY user_id
                                         ) c
                            WHERE c.userCount >= 2)
    </select>

    <select id="findPrimaryUser" resultType="com.foundao.nft.common.model.NftUser">
        select u.user_id,u.mobile,u.user_name
        from nft_user u
        where u.user_id in (SELECT user_id
                            FROM (
                                         SELECT count(user_id) userCount,
                                                user_id
                                         FROM (SELECT user_id, product_id
                                               FROM nft_order
                                               WHERE product_id in (6426, 6427)
                                                 AND STATUS = 2
                                               GROUP BY user_id, product_id
                                               ORDER BY user_id) t
                                         GROUP BY user_id
                                         ) c
                            WHERE c.userCount >= 2)
    </select>
</mapper>
