<?xml version="1.0" encoding="UTF-8"?>
<!DOCTYPE mapper PUBLIC "-//mybatis.org//DTD Mapper 3.0//EN" "http://mybatis.org/dtd/mybatis-3-mapper.dtd">
<mapper namespace="com.foundao.nft.cms.mapper.RecipeMapper">
  <resultMap id="BaseResultMap" type="com.foundao.nft.common.model.Recipe">
    <!--@mbg.generated-->
    <!--@Table nft_recipe-->
    <id column="recipe_id" jdbcType="INTEGER" property="recipeId" />
    <result column="recipe_name" jdbcType="VARCHAR" property="recipeName" />
    <result column="result_series_id" jdbcType="INTEGER" property="resultSeriesId" />
    <result column="result_meta_id" jdbcType="INTEGER" property="resultMetaId" />
    <result column="status" jdbcType="INTEGER" property="status" />
  </resultMap>
  <sql id="Base_Column_List">
    <!--@mbg.generated-->
    recipe_id, recipe_name, result_series_id, result_meta_id, `status`
  </sql>
</mapper>