<?xml version="1.0" encoding="UTF-8"?>
<!DOCTYPE mapper PUBLIC "-//mybatis.org//DTD Mapper 3.0//EN" "http://mybatis.org/dtd/mybatis-3-mapper.dtd">
<mapper namespace="com.foundao.nft.cms.mapper.RecipeCollectionMapper">
  <resultMap id="BaseResultMap" type="com.foundao.nft.common.model.RecipeCollection">
    <!--@mbg.generated-->
    <!--@Table nft_recipe_collection-->
    <id column="collection_id" jdbcType="INTEGER" property="collectionId" />
    <result column="collection_name" jdbcType="VARCHAR" property="collectionName" />
    <result column="begin_time" jdbcType="TIMESTAMP" property="beginTime" />
    <result column="end_time" jdbcType="TIMESTAMP" property="endTime" />
    <result column="status" jdbcType="INTEGER" property="status" />
    <result column="display_url" jdbcType="VARCHAR" property="displayUrl" />
    <result column="image_desc" jdbcType="VARCHAR" property="imageDesc" />
  </resultMap>
  <sql id="Base_Column_List">
    <!--@mbg.generated-->
    collection_id, collection_name, begin_time, end_time, `status`, display_url, image_desc
  </sql>

  <select id="collectionPage" resultType="com.foundao.nft.common.model.RecipeCollection">
    select rc.*,s.series_name,m.name from nft_recipe_collection rc left join nft_series_claim s on s.id=rc.short_series_id
        left join nft_metadata m on m.meta_id=rc.meta_id
    </select>
</mapper>
