<?xml version="1.0" encoding="UTF-8"?>
<!DOCTYPE mapper PUBLIC "-//mybatis.org//DTD Mapper 3.0//EN" "http://mybatis.org/dtd/mybatis-3-mapper.dtd">
<mapper namespace="com.foundao.nft.cms.mapper.RecieveAddrMapper">
  <resultMap id="BaseResultMap" type="com.foundao.nft.common.model.RecieveAddr">
    <!--@mbg.generated-->
    <!--@Table nft_receive_addr-->
    <id column="addr_id" jdbcType="INTEGER" property="addrId" />
    <result column="user_id" jdbcType="INTEGER" property="userId" />
    <result column="consignee" jdbcType="VARCHAR" property="consignee" />
    <result column="province_id" jdbcType="INTEGER" property="provinceId" />
    <result column="province" jdbcType="VARCHAR" property="province" />
    <result column="city_id" jdbcType="INTEGER" property="cityId" />
    <result column="city" jdbcType="VARCHAR" property="city" />
    <result column="area_id" jdbcType="INTEGER" property="areaId" />
    <result column="area" jdbcType="VARCHAR" property="area" />
    <result column="addr" jdbcType="VARCHAR" property="addr" />
    <result column="post_code" jdbcType="VARCHAR" property="postCode" />
    <result column="mobile" jdbcType="VARCHAR" property="mobile" />
  </resultMap>
  <sql id="Base_Column_List">
    <!--@mbg.generated-->
    addr_id, user_id, consignee, province_id, province, city_id, city, area_id, area, 
    addr, post_code, mobile
  </sql>
</mapper>