<?xml version="1.0" encoding="UTF-8"?>
<!DOCTYPE mapper PUBLIC "-//mybatis.org//DTD Mapper 3.0//EN" "http://mybatis.org/dtd/mybatis-3-mapper.dtd">
<mapper namespace="com.foundao.nft.cms.mapper.TransferRecordMapper">
  <resultMap id="BaseResultMap" type="com.foundao.nft.common.model.TransferRecord">
    <!--@mbg.generated-->
    <!--@Table nft_transfer_record-->
    <id column="trans_id" jdbcType="INTEGER" property="transId" />
    <result column="actual_nft_id" jdbcType="VARCHAR" property="actualNftId" />
    <result column="give_user_id" jdbcType="INTEGER" property="giveUserId" />
    <result column="give_name" jdbcType="VARCHAR" property="giveName" />
    <result column="receive_user_id" jdbcType="INTEGER" property="receiveUserId" />
    <result column="receive_mobile" jdbcType="VARCHAR" property="receiveMobile" />
    <result column="status" jdbcType="INTEGER" property="status" />
    <result column="name" jdbcType="VARCHAR" property="name" />
    <result column="series_name" jdbcType="VARCHAR" property="seriesName" />
    <result column="create_time" jdbcType="TIMESTAMP" property="createTime" />
    <result column="update_time" jdbcType="TIMESTAMP" property="updateTime" />
    <result column="receive_time" jdbcType="TIMESTAMP" property="receiveTime" />
    <result column="msg" jdbcType="VARCHAR" property="msg" />
    <result column="meta_id" jdbcType="INTEGER" property="metaId" />
    <result column="short_series_id" jdbcType="INTEGER" property="shortSeriesId" />
    <result column="receive_name" jdbcType="VARCHAR" property="receiveName" />
    <result column="task_id" jdbcType="VARCHAR" property="taskId" />
    <result column="display_url" jdbcType="VARCHAR" property="displayUrl" />
    <result column="expire_time" jdbcType="TIMESTAMP" property="expireTime" />
  </resultMap>

  <select id="pageTransfer" resultType="com.foundao.nft.common.model.TransferRecord">
    select tr.*,nu.mobile giveMobile from nft_transfer_record tr
    left join nft_user nu on nu.user_id=tr.give_user_id
    <where>
      <if test="status != null">
        tr.status=#{status}
      </if>
    </where>
  </select>

  <select id="transferExport" resultType="com.foundao.nft.common.model.TransferRecord">
    select tr.*,nu.mobile giveMobile from nft_transfer_record tr
    left join nft_user nu on nu.user_id=tr.give_user_id
    <where>
      <if test="query.status != null">
        tr.status=#{query.status}
      </if>
      <if test="query.keyword != null and query.keyword != ''">
        and (tr.receive_mobile=#{query.keyword} or nu.mobile=#{query.keyword} or tr.give_name like concat('%', #{query.keyword}, '%') or tr.receive_name like concat('%', #{query.keyword}, '%'))
      </if>
    </where>
    order by trans_id desc
  </select>

  <select id="transferHistoryDetails" resultType="com.foundao.nft.common.model.vo.TransferHistoryDetailsVO">
    SELECT
            tr.create_time,
            tr.give_user_id,
            gu.nick_name giveNickName,
            gu.user_name giveUserName,
            gu.mobile giveMobile,
            tr.`name`,
            tr.receive_user_id,
            ru.mobile receiveMobile,
            tr.receive_time
    FROM
            nft_transfer_record tr
                    LEFT JOIN nft_user gu ON gu.user_id = tr.give_user_id
                    LEFT JOIN nft_user ru ON ru.user_id = tr.receive_user_id
    where tr.`status`=1
    <if test="request.keyword != null and request.keyword != ''">
      and (gu.mobile = #{request.keyword})
    </if>
    <if test="request.startDate != null and request.startDate != ''">
      and tr.create_time &gt;= CONCAT('', #{request.startDate}, ' 00:00:00')
    </if>
    <if test="request.endDate != null and request.endDate != ''">
      and tr.create_time &lt;= CONCAT('', #{request.endDate}, ' 23:59:59')
    </if>
  </select>
</mapper>
