<?xml version="1.0" encoding="UTF-8"?>
<!DOCTYPE mapper PUBLIC "-//mybatis.org//DTD Mapper 3.0//EN" "http://mybatis.org/dtd/mybatis-3-mapper.dtd">
<mapper namespace="com.foundao.nft.cms.mapper.UserDeleteMapper">
  <resultMap id="BaseResultMap" type="com.foundao.nft.common.model.UserDelete">
    <!--@mbg.generated-->
    <!--@Table nft_user_delete-->
    <id column="user_id" jdbcType="INTEGER" property="userId" />
    <result column="user_name" jdbcType="VARCHAR" property="userName" />
    <result column="nick_name" jdbcType="VARCHAR" property="nickName" />
    <result column="password" jdbcType="VARCHAR" property="password" />
    <result column="avatar" jdbcType="VARCHAR" property="avatar" />
    <result column="mobile" jdbcType="VARCHAR" property="mobile" />
    <result column="id_card" jdbcType="VARCHAR" property="idCard" />
    <result column="status" jdbcType="INTEGER" property="status" />
    <result column="create_time" jdbcType="TIMESTAMP" property="createTime" />
    <result column="update_time" jdbcType="TIMESTAMP" property="updateTime" />
    <result column="internal_emp" jdbcType="INTEGER" property="internalEmp" />
    <result column="is_auth" jdbcType="TINYINT" property="isAuth" />
  </resultMap>
  <sql id="Base_Column_List">
    <!--@mbg.generated-->
    user_id, user_name, nick_name, `password`, avatar, mobile, id_card, `status`, create_time, 
    update_time, internal_emp, is_auth
  </sql>
</mapper>