<?xml version="1.0" encoding="UTF-8"?>
<!DOCTYPE mapper PUBLIC "-//mybatis.org//DTD Mapper 3.0//EN" "http://mybatis.org/dtd/mybatis-3-mapper.dtd">
<mapper namespace="com.foundao.nft.cms.mapper.UserConsumeMapper">
  <resultMap id="BaseResultMap" type="com.foundao.nft.common.model.UserConsume">
    <!--@mbg.generated-->
    <!--@Table nft_user_consume-->
    <id column="id" jdbcType="INTEGER" property="id" />
    <result column="user_id" jdbcType="INTEGER" property="userId" />
    <result column="activity_id" jdbcType="INTEGER" property="activityId" />
    <result column="total_cost_fee" jdbcType="INTEGER" property="totalCostFee" />
    <result column="create_time" jdbcType="TIMESTAMP" property="createTime" />
    <result column="update_time" jdbcType="TIMESTAMP" property="updateTime" />
  </resultMap>
  <sql id="Base_Column_List">
    <!--@mbg.generated-->
    id, user_id, activity_id, total_cost_fee, create_time, update_time
  </sql>
</mapper>