<?xml version="1.0" encoding="UTF-8"?>
<!DOCTYPE mapper PUBLIC "-//mybatis.org//DTD Mapper 3.0//EN" "http://mybatis.org/dtd/mybatis-3-mapper.dtd">
<mapper namespace="com.foundao.nft.cms.mapper.WaitChainUpMapper">
  <resultMap id="BaseResultMap" type="com.foundao.nft.common.model.WaitChainUp">
    <!--@mbg.generated-->
    <!--@Table nft_wait_chain_up-->
    <id column="id" jdbcType="INTEGER" property="id" />
    <result column="user_id" jdbcType="INTEGER" property="userId" />
    <result column="order_id" jdbcType="INTEGER" property="orderId" />
    <result column="record_id" jdbcType="INTEGER" property="recordId" />
  </resultMap>
  <sql id="Base_Column_List">
    <!--@mbg.generated-->
    id, user_id, order_id, record_id
  </sql>
</mapper>